"Id","Path","Slice Name","Alias(s)","Label","Min","Max","Must Support?","Is Modifier?","Is Summary?","Type(s)","Short","Definition","Comments","Requirements","Default Value","Meaning When Missing","Fixed Value","Pattern","Example","Minimum Value","Maximum Value","Maximum Length","Binding Strength","Binding Description","Binding Value Set","Code","Slicing Discriminator","Slicing Description","Slicing Ordered","Slicing Rules","Base Path","Base Min","Base Max","Condition(s)","Constraint(s)","Mapping: HL7 v2 Mapping","Mapping: RIM Mapping","Mapping: ServD","Mapping: FiveWs Pattern Mapping"
"Practitioner","Practitioner","","","",0,*,"","","","null {[]} {[]}
","对于所提供的健康医护或相关服务负有正式责任的人员","A person who is directly or indirectly involved in the provisioning of healthcare.","","","","","","","","","",,,,,"",,,,"Practitioner",0,*,"","dom-2:If the resource is contained in another resource, it SHALL NOT contain nested Resources {contained.contained.empty()}
dom-3:If the resource is contained in another resource, it SHALL be referred to from elsewhere in the resource or SHALL refer to the containing resource {contained.where((('#'+id in (%resource.descendants().reference | %resource.descendants().as(canonical) | %resource.descendants().as(uri) | %resource.descendants().as(url))) or descendants().where(reference = '#').exists() or descendants().where(as(canonical) = '#').exists() or descendants().where(as(canonical) = '#').exists()).not()).trace('unmatched', id).empty()}dom-4:If a resource is contained in another resource, it SHALL NOT have a meta.versionId or a meta.lastUpdated {contained.meta.versionId.empty() and contained.meta.lastUpdated.empty()}dom-5:If a resource is contained in another resource, it SHALL NOT have a security label {contained.meta.security.empty()}dom-6:A resource should have narrative for robust management {text.`div`.exists()}","PRD (as one example)","Entity. Role, or Act","Role","Provider"
"Practitioner.id","Practitioner.id","","","",0,1,"","","Y","id {[]} {[]}
","不重复的ID用以识别储存在特定FHIR Server中的Practitioner纪录，通常又称为逻辑性ID。","resource的逻辑ID，在resource的URL中使用。一旦指定，这个值永远不会改变。","一个resource使用新增操作（create operation）提交给服务器时，此resource没有id，它的id在resource被创建后由服务器分配/指定。","","","","","","","","",,,,,"",,,,"Resource.id",0,1,"",""
"Practitioner.meta","Practitioner.meta","","","",0,1,"","","Y","Meta {[]} {[]}
","Metadata about the resource","The metadata about the resource. This is content that is maintained by the infrastructure. Changes to the content might not always be associated with version changes to the resource.","","","","","","","","","",,,,,"",,,,"Resource.meta",0,1,"","ele-1:All FHIR elements must have a @value or children {hasValue() or (children().count() > id.count())}
"
"Practitioner.implicitRules","Practitioner.implicitRules","","","",0,1,"","Y","Y","uri {[]} {[]}
","A set of rules under which this content was created","A reference to a set of rules that were followed when the resource was constructed, and which must be understood when processing the content. Often, this is a reference to an implementation guide that defines the special rules along with other profiles etc.","Asserting this rule set restricts the content to be only understood by a limited set of trading partners. This inherently limits the usefulness of the data in the long term. However, the existing health eco-system is highly fractured, and not yet ready to define, collect, and exchange data in a generally computable sense. Wherever possible, implementers and/or specification writers should avoid using this element. Often, when used, the URL is a reference to an implementation guide that defines these special rules as part of it's narrative along with other profiles, value sets, etc.","","","","","","","","",,,,,"",,,,"Resource.implicitRules",0,1,"","ele-1:All FHIR elements must have a @value or children {hasValue() or (children().count() > id.count())}
"
"Practitioner.language","Practitioner.language","","","",0,1,"","","","code {[]} {[]}
","用以表述Patient Resource内容的语言。","The base language in which the resource is written.","Language is provided to support indexing and accessibility (typically, services such as text to speech use the language tag). The html language tag in the narrative applies  to the narrative. The language tag on the resource may be used to specify the language of other presentations generated from the data in the resource. Not all the content has to be in the base language. The Resource.language should not be assumed to apply to the narrative automatically. If a language is specified, it should it also be specified on the div element in the html (see rules in HTML5 for information about the relationship between xml:lang and the html lang attribute).","","","","","","<valueString xmlns=""http://hl7.org/fhir"" value=""zh-CN""/>","","",,"preferred","","http://hl7.org/fhir/ValueSet/languages","",,,,"Resource.language",0,1,"","ele-1:All FHIR elements must have a @value or children {hasValue() or (children().count() > id.count())}
"
"Practitioner.text","Practitioner.text","","narrative
htmlxhtmldisplay","",0,1,"","","","Narrative {[]} {[]}
","Text summary of the resource, for human interpretation","A human-readable narrative that contains a summary of the resource and can be used to represent the content of the resource to a human. The narrative need not encode all the structured data, but is required to contain sufficient detail to make it ""clinically safe"" for a human to just read the narrative. Resource definitions may define what content should be represented in the narrative to ensure clinical safety.","Contained resources do not have narrative. Resources that are not contained SHOULD have a narrative. In some cases, a resource may only have text with little or no additional discrete data (as long as all minOccurs=1 elements are satisfied).  This may be necessary for data from legacy systems where information is captured as a ""text blob"" or where text is additionally entered raw or narrated and encoded information is added later.","","","","","","","","",,,,,"",,,,"DomainResource.text",0,1,"","ele-1:All FHIR elements must have a @value or children {hasValue() or (children().count() > id.count())}
","Act.text?"
"Practitioner.contained","Practitioner.contained","","inline resources
anonymous resourcescontained resources","",0,*,"","","","Resource {[]} {[]}
","Contained, inline Resources","These resources do not have an independent existence apart from the resource that contains them - they cannot be identified independently, and nor can they have their own independent transaction scope.","This should never be done when the content can be identified properly, as once identification is lost, it is extremely difficult (and context dependent) to restore it again. Contained resources may have profiles and tags In their meta elements, but SHALL NOT have security labels.","","","","","","","","",,,,,"",,,,"DomainResource.contained",0,*,"","","N/A"
"Practitioner.extension","Practitioner.extension","","extensions
user content","",0,*,"","","","Extension {[]} {[]}
","Additional content defined by implementations","May be used to represent additional information that is not part of the basic definition of the resource. To make the use of extensions safe and manageable, there is a strict set of governance  applied to the definition and use of extensions. Though any implementer can define an extension, there is a set of requirements that SHALL be met as part of the definition of the extension.","There can be no stigma associated with the use of extensions by any application, project, or standard - regardless of the institution or jurisdiction that uses or defines the extensions.  The use of extensions is what allows the FHIR specification to retain a core level of simplicity for everyone.","","","","","","","","",,,,,"",,,,"DomainResource.extension",0,*,"","ele-1:All FHIR elements must have a @value or children {hasValue() or (children().count() > id.count())}
ext-1:Must have either extensions or value[x], not both {extension.exists() != value.exists()}","N/A"
"Practitioner.modifierExtension","Practitioner.modifierExtension","","extensions
user content","",0,*,"","Y","","Extension {[]} {[]}
","Extensions that cannot be ignored","May be used to represent additional information that is not part of the basic definition of the resource and that modifies the understanding of the element that contains it and/or the understanding of the containing element's descendants. Usually modifier elements provide negation or qualification. To make the use of extensions safe and manageable, there is a strict set of governance applied to the definition and use of extensions. Though any implementer is allowed to define an extension, there is a set of requirements that SHALL be met as part of the definition of the extension. Applications processing a resource are required to check for modifier extensions.

Modifier extensions SHALL NOT change the meaning of any elements on Resource or DomainResource (including cannot change the meaning of modifierExtension itself).","There can be no stigma associated with the use of extensions by any application, project, or standard - regardless of the institution or jurisdiction that uses or defines the extensions.  The use of extensions is what allows the FHIR specification to retain a core level of simplicity for everyone.","Modifier extensions allow for extensions that *cannot* be safely ignored to be clearly distinguished from the vast majority of extensions which can be safely ignored.  This promotes interoperability by eliminating the need for implementers to prohibit the presence of extensions. For further information, see the [definition of modifier extensions](http://hl7.org/fhir/R4/extensibility.html#modifierExtension).","","","","","","","",,,,,"",,,,"DomainResource.modifierExtension",0,*,"","ele-1:All FHIR elements must have a @value or children {hasValue() or (children().count() > id.count())}
ext-1:Must have either extensions or value[x], not both {extension.exists() != value.exists()}","N/A"
"Practitioner.identifier","Practitioner.identifier","","","",0,*,"Y","","Y","Identifier {[]} {[]}
","此医护服务提供人员的识别码","An identifier that applies to this person in this role.","","Often, specific identities are assigned for the agent.","","","","","","","",,,,,"","value:type.coding.code}
value:type.coding.system}","",,"open","Practitioner.identifier",0,*,"","ele-1:All FHIR elements must have a @value or children {hasValue() or (children().count() > id.count())}
","PRD-7 (or XCN.1)","./id","./Identifiers","FiveWs.identifier"
"Practitioner.identifier.id","Practitioner.identifier.id","","","",0,1,"","","","string {[]} {[]}
","Unique id for inter-element referencing","Unique id for the element within a resource (for internal references). This may be any string value that does not contain spaces.","","","","","","","","","",,,,,"",,,,"Element.id",0,1,"","","n/a"
"Practitioner.identifier.extension","Practitioner.identifier.extension","","extensions
user content","",0,*,"","","","Extension {[]} {[]}
","Additional content defined by implementations","May be used to represent additional information that is not part of the basic definition of the element. To make the use of extensions safe and manageable, there is a strict set of governance  applied to the definition and use of extensions. Though any implementer can define an extension, there is a set of requirements that SHALL be met as part of the definition of the extension.","There can be no stigma associated with the use of extensions by any application, project, or standard - regardless of the institution or jurisdiction that uses or defines the extensions.  The use of extensions is what allows the FHIR specification to retain a core level of simplicity for everyone.","","","","","","","","",,,,,"","value:url}
","Extensions are always sliced by (at least) url",,"open","Element.extension",0,*,"","ele-1:All FHIR elements must have a @value or children {hasValue() or (children().count() > id.count())}
ext-1:Must have either extensions or value[x], not both {extension.exists() != value.exists()}","n/a"
"Practitioner.identifier.use","Practitioner.identifier.use","","","",0,1,"","Y","Y","code {[]} {[]}
","usual | official | temp | secondary | old (If known)","这个唯一识别码（identifier）的用途, 应用程序可以假定一个识别码是永久的，除非它明确说它是暂时的。","Applications can assume that an identifier is permanent unless it explicitly says that it is temporary.","Allows the appropriate identifier for a particular context of use to be selected from among a set of identifiers.","","","","","","","",,"required","识别码的型别，用于决定特定目的所适用的识别码；应填入所绑定值集中适合的代码，确定无适合的代码才可以使用其他值集的代码来表示。","http://hl7.org/fhir/ValueSet/identifier-use|4.0.1","",,,,"Identifier.use",0,1,"","ele-1:All FHIR elements must have a @value or children {hasValue() or (children().count() > id.count())}
","N/A","Role.code or implied by context"
"Practitioner.identifier.type","Practitioner.identifier.type","","","",0,1,"","","Y","CodeableConcept {[]} {[]}
","医护服务提供人员的识别码（identifier）的型别说明","识别码的代码型别，用于决定特定目适用的识别码。","这个资料项目只涉及识别码的一般类别。它 **必须没有（SHALL NOT）** 被用于与Identifier.system 1..1对应的代码。一些识别码可能由于常见的用法而属于多个类别。在系统是已知的情况下，型别是不必要的，因为型别总是系统定义的一部分。然而，系统经常需要处理系统不为人知的识别码。型别和系统之间不是1:1的关系，因为许多不同的系统有相同的型别。","允许使用者在不知道识别码系统的情况下利用识别码","","","","","","","",,"extensible","应填入所绑定值集中适合的代码，确定无适合的代码才可以使用其他值集的代码来表示。","http://hl7.org/fhir/ValueSet/identifier-type","",,,,"Identifier.type",0,1,"","ele-1:All FHIR elements must have a @value or children {hasValue() or (children().count() > id.count())}
","CX.5","Role.code or implied by context"
"Practitioner.identifier.system","Practitioner.identifier.system","","","",0,1,"","","Y","uri {[]} {[]}
","医护服务提供人员识别码（identifier）的命名空间（namespace）","建立值的命名空间－即一个描述一组值的唯一URL","Identifier.system总是区分大小写","有许多识别码的集合。为了进行两个识别码的对应，我们需要知道我们处理的是哪一组。系统指明了一个特定的唯一识别码集。","","","","","<valueUri xmlns=""http://hl7.org/fhir"" value=""http://www.acme.com/identifiers/patient""/>","","",,,,,"",,,,"Identifier.system",0,1,"","ele-1:All FHIR elements must have a @value or children {hasValue() or (children().count() > id.count())}
","CX.4 / EI-2-4","II.root or Role.id.root","./IdentifierType"
"Practitioner.identifier.value","Practitioner.identifier.value","","","",0,1,"","","Y","string {[]} {[]}
","唯一值。
例如：医护服务提供人员之员工编号为KP00017","识别码中通常与使用者有关的部分，在编码系统作用域内是唯一的。","如果此值是一个完整的URI，那么此系统 **必须（SHALL）** 是urn:ietf:rfc:3986。此值的主要目的是为了可运算的对应。因此，为了比较的目的，它可能会被正规化（例如：去除不重要的空白、破折号等）。一个为人显示的格式化的值可以使用[Rendered Value](http://hl7.org/fhir/R4/extension-rendered-value.html)扩充来传达。除非对Identifier.system的了解使处理者确信不区分大小写的处理是安全的，否则Identifier.value应被视为区分大小写。","","","","","","<valueString xmlns=""http://hl7.org/fhir"" value=""123456""/>","","",,,,,"",,,,"Identifier.value",0,1,"","ele-1:All FHIR elements must have a @value or children {hasValue() or (children().count() > id.count())}
","CX.1 / EI.1","II.extension or II.root if system indicates OID or GUID (Or Role.id.extension or root)","./Value"
"Practitioner.identifier.period","Practitioner.identifier.period","","","",0,1,"","","Y","Period {[]} {[]}
","此身份识别码（identifier）的使用效期","识别码有效／曾经有效使用的时段或期间","","","","","","","","","",,,,,"",,,,"Identifier.period",0,1,"","ele-1:All FHIR elements must have a @value or children {hasValue() or (children().count() > id.count())}
","CX.7 + CX.8","Role.effectiveTime or implied by context","./StartDate and ./EndDate"
"Practitioner.identifier.assigner","Practitioner.identifier.assigner","","","",0,1,"","","Y","Reference {[]} {[CanonicalType[http://hl7.org/fhir/StructureDefinition/Organization]]}
","签发identifier的机构（可以只是文字表述）","签发／管理识别码的机构","Identifier.assigner可以省略.reference资料项目，只包含一个.display资料项目，反映指定机构的名称或其他文字表述信息。","","","","","","","","",,,,,"",,,,"Identifier.assigner",0,1,"","ele-1:All FHIR elements must have a @value or children {hasValue() or (children().count() > id.count())}
","CX.4 / (CX.4,CX.9,CX.10)","II.assigningAuthorityName but note that this is an improper use by the definition of the field.  Also Role.scoper","./IdentifierIssuingAuthority"
"Practitioner.identifier:idCardNumber","Practitioner.identifier","idCardNumber","","",0,1,"Y","","Y","Identifier {[]} {[]}
","适用身分证字号","适用于身分证字号","","通常此人员总是被指定一个特定的数值型的唯一识别码（identifier）","","","","","","","",,,,,"",,,,"Practitioner.identifier",0,*,"","ele-1:All FHIR elements must have a @value or children {hasValue() or (children().count() > id.count())}
","PRD-7 (or XCN.1)","./id","./Identifiers","FiveWs.identifier"
"Practitioner.identifier:idCardNumber.id","Practitioner.identifier.id","","","",0,1,"","","","string {[]} {[]}
","Unique id for inter-element referencing","Unique id for the element within a resource (for internal references). This may be any string value that does not contain spaces.","","","","","","","","","",,,,,"",,,,"Element.id",0,1,"","","n/a"
"Practitioner.identifier:idCardNumber.extension","Practitioner.identifier.extension","","extensions
user content","",0,*,"","","","Extension {[]} {[]}
","Additional content defined by implementations","May be used to represent additional information that is not part of the basic definition of the element. To make the use of extensions safe and manageable, there is a strict set of governance  applied to the definition and use of extensions. Though any implementer can define an extension, there is a set of requirements that SHALL be met as part of the definition of the extension.","There can be no stigma associated with the use of extensions by any application, project, or standard - regardless of the institution or jurisdiction that uses or defines the extensions.  The use of extensions is what allows the FHIR specification to retain a core level of simplicity for everyone.","","","","","","","","",,,,,"","value:url}
","Extensions are always sliced by (at least) url",,"open","Element.extension",0,*,"","ele-1:All FHIR elements must have a @value or children {hasValue() or (children().count() > id.count())}
ext-1:Must have either extensions or value[x], not both {extension.exists() != value.exists()}","n/a"
"Practitioner.identifier:idCardNumber.use","Practitioner.identifier.use","","","",0,1,"Y","Y","Y","code {[]} {[]}
","usual ｜ official ｜ temp ｜ secondary ｜ old （如果知道）","这个唯一识别码（identifier）的用途","应用程序可以假定一个识别码是永久的，除非它明确说它是暂时的。","允许从一组识别码中为特定的使用场景选择适当的识别码","","","","<valueCode xmlns=""http://hl7.org/fhir"" value=""official""/>","","","",,"required","如果知道，请说明此识别码的目的；应填入所绑定值集中的其中一个代码。","http://hl7.org/fhir/ValueSet/identifier-use|4.0.1","",,,,"Identifier.use",0,1,"","ele-1:All FHIR elements must have a @value or children {hasValue() or (children().count() > id.count())}
","N/A","Role.code or implied by context"
"Practitioner.identifier:idCardNumber.type","Practitioner.identifier.type","","","",1,1,"Y","","Y","CodeableConcept {[]} {[]}
","身份识别码（identifier）的型别说明","A coded type for the identifier that can be used to determine which identifier to use for a specific purpose.","This element deals only with general categories of identifiers.  It SHOULD not be used for codes that correspond 1..1 with the Identifier.system. Some identifiers may fall into multiple categories due to common usage.   Where the system is known, a type is unnecessary because the type is always part of the system definition. However systems often need to handle identifiers where the system is not known. There is not a 1:1 relationship between type and system, since many different systems have the same type.","Allows users to make use of identifiers when the identifier system is not known.","","","","","","","",,"extensible","识别码的型别，用于决定特定目的所适用的识别码；应填入所绑定值集中适合的代码，确定无适合的代码才可以使用其他值集的代码来表示。","https://whcater.github.io/serious-med-ig/ValueSet/identifier-type","",,,,"Identifier.type",0,1,"","ele-1:All FHIR elements must have a @value or children {hasValue() or (children().count() > id.count())}
","CX.5","Role.code or implied by context"
"Practitioner.identifier:idCardNumber.type.id","Practitioner.identifier.type.id","","","",0,1,"","","","string {[]} {[]}
","Unique id for inter-element referencing","Unique id for the element within a resource (for internal references). This may be any string value that does not contain spaces.","","","","","","","","","",,,,,"",,,,"Element.id",0,1,"","","n/a"
"Practitioner.identifier:idCardNumber.type.extension","Practitioner.identifier.type.extension","","extensions
user content","",0,*,"","","","Extension {[]} {[]}
","Additional content defined by implementations","May be used to represent additional information that is not part of the basic definition of the element. To make the use of extensions safe and manageable, there is a strict set of governance  applied to the definition and use of extensions. Though any implementer can define an extension, there is a set of requirements that SHALL be met as part of the definition of the extension.","There can be no stigma associated with the use of extensions by any application, project, or standard - regardless of the institution or jurisdiction that uses or defines the extensions.  The use of extensions is what allows the FHIR specification to retain a core level of simplicity for everyone.","","","","","","","","",,,,,"","value:url}
","Extensions are always sliced by (at least) url",,"open","Element.extension",0,*,"","ele-1:All FHIR elements must have a @value or children {hasValue() or (children().count() > id.count())}
ext-1:Must have either extensions or value[x], not both {extension.exists() != value.exists()}","n/a"
"Practitioner.identifier:idCardNumber.type.coding","Practitioner.identifier.type.coding","","","",1,*,"","","Y","Coding {[]} {[]}
","由专门术语系统（terminology system）定义的代码","由专门术语系统（terminology system）所定义之代码的参照","代码可以在列举清单（enumerations）或代码清单（code lists）中非常随意地定义，直至有非常正式的定义，例如：SNOMED CT—更多信息见HL7 v3核心原则（Core Principles）。编码的排序是未定义的因而 **必须没有（SHALL NOT）** 被用来推断意义。一般来说，最多只有一个编码值（coding values）会被标记为UserSelected = true。","允许编码系统中的替代编码，以及翻译到其他编码系统。","","","","","","","",,,,,"",,,,"CodeableConcept.coding",0,*,"","ele-1:All FHIR elements must have a @value or children {hasValue() or (children().count() > id.count())}
","C*E.1-8, C*E.10-22","union(., ./translation)"
"Practitioner.identifier:idCardNumber.type.coding.id","Practitioner.identifier.type.coding.id","","","",0,1,"","","","string {[]} {[]}
","Unique id for inter-element referencing","Unique id for the element within a resource (for internal references). This may be any string value that does not contain spaces.","","","","","","","","","",,,,,"",,,,"Element.id",0,1,"","","n/a"
"Practitioner.identifier:idCardNumber.type.coding.extension","Practitioner.identifier.type.coding.extension","","extensions
user content","",0,*,"","","","Extension {[]} {[]}
","Additional content defined by implementations","May be used to represent additional information that is not part of the basic definition of the element. To make the use of extensions safe and manageable, there is a strict set of governance  applied to the definition and use of extensions. Though any implementer can define an extension, there is a set of requirements that SHALL be met as part of the definition of the extension.","There can be no stigma associated with the use of extensions by any application, project, or standard - regardless of the institution or jurisdiction that uses or defines the extensions.  The use of extensions is what allows the FHIR specification to retain a core level of simplicity for everyone.","","","","","","","","",,,,,"","value:url}
","Extensions are always sliced by (at least) url",,"open","Element.extension",0,*,"","ele-1:All FHIR elements must have a @value or children {hasValue() or (children().count() > id.count())}
ext-1:Must have either extensions or value[x], not both {extension.exists() != value.exists()}","n/a"
"Practitioner.identifier:idCardNumber.type.coding.system","Practitioner.identifier.type.coding.system","","","",1,1,"Y","","Y","uri {[]} {[]}
","专门术语系统（terminology system）的识别","定义代码中符号意义的编码系统识别","URI可以是一个OID（urn:oid:...）或一个UUID（urn:uuid:...）；OID和UUID **必须（SHALL）** 参照HL7 OID注册中心；否则，URI应该来自HL7的FHIR定义的特殊URI列表，或者它应该参照一些明确建立的系统定义。","需要明确说明符号定义的来源","","","","<valueUri xmlns=""http://hl7.org/fhir"" value=""http://terminology.hl7.org/CodeSystem/v2-0203""/>","","","",,,,,"",,,,"Coding.system",0,1,"","ele-1:All FHIR elements must have a @value or children {hasValue() or (children().count() > id.count())}
","C*E.3","./codeSystem"
"Practitioner.identifier:idCardNumber.type.coding.version","Practitioner.identifier.type.coding.version","","","",0,1,"","","Y","string {[]} {[]}
","系统的版本—如果相关的话","选择此代码时使用的编码系统版本；请注意，一个维护良好的编码系统不需要版本报告，因为代码的意义在不同系统版本中是一致的；然而，不能始终保证这点，当不能保证意义一致时， **必须（SHALL）** 将版本信息也一并作交换。","如果专门术语没有明确定义应该使用什么字串来识别编码系统的版本，建议使用版本正式发布的日期（用FHIR日期格式表示）作为版本日期。","","","","","","","","",,,,,"",,,,"Coding.version",0,1,"","ele-1:All FHIR elements must have a @value or children {hasValue() or (children().count() > id.count())}
","C*E.7","./codeSystemVersion"
"Practitioner.identifier:idCardNumber.type.coding.code","Practitioner.identifier.type.coding.code","","","",1,1,"Y","","Y","code {[]} {[]}
","系统定义的语法之符号","系统定义的语法之符号；符号可能是一个预先定义的代码，也可能是编码系统定义的语法中的表达式（如后组合配对／后组合式）。","","需要参照系统中的一个特定代码","","","","<valueCode xmlns=""http://hl7.org/fhir"" value=""NNxxx""/>","","","",,,,,"",,,,"Coding.code",0,1,"","ele-1:All FHIR elements must have a @value or children {hasValue() or (children().count() > id.count())}
","C*E.1","./code"
"Practitioner.identifier:idCardNumber.type.coding.display","Practitioner.identifier.type.coding.display","","","",0,1,"Y","","Y","string {[]} {[]}
","由编码系统定义的描述","遵循系统的规则以呈现代码含义的描述","","需要能为不了解此系统的读者呈现可读的代码含义","","","","","","","",,,,,"",,,,"Coding.display",0,1,"","ele-1:All FHIR elements must have a @value or children {hasValue() or (children().count() > id.count())}
","C*E.2 - but note this is not well followed","CV.displayName"
"Practitioner.identifier:idCardNumber.type.coding.userSelected","Practitioner.identifier.type.coding.userSelected","","","",0,1,"","","Y","boolean {[]} {[]}
","此编码是否由使用者直接选择？","表明此编码是由使用者直接选择，例如：从可用项目（代码或显示名称）的清单中选择。","在一系列备选方案中，直接选择的代码是新翻译最合适的起点；关于「直接选择」的确切意义，存在模糊不清之处，可能需要贸易伙伴的同意，以更完整澄清此资料项目的使用及其后果。","已被确定为一个临床安全准则—此确切的系统／代码对(code pair)是被明确选择的，而不是由编码系统根据一些规则或是程序语言处理判断。","","","","","","","",,,,,"",,,,"Coding.userSelected",0,1,"","ele-1:All FHIR elements must have a @value or children {hasValue() or (children().count() > id.count())}
","Sometimes implied by being first","CD.codingRationale"
"Practitioner.identifier:idCardNumber.type.text","Practitioner.identifier.type.text","","","",0,1,"Y","","Y","string {[]} {[]}
","概念的文字描述","输入资料的使用者所见／所选／所说的人类可读文字表述，和（或）其代表使用者的预期含义。","很多时候，此文字表述与其中一个代码的显示名称相同。","专门术语中的代码并不总是能捕捉人类使用的细微差别的正确意义，或者根本就没有合适的代码；这些情况下，文字表述被用来捕捉来源的全部意义。","","","","","","","",,,,,"",,,,"CodeableConcept.text",0,1,"","ele-1:All FHIR elements must have a @value or children {hasValue() or (children().count() > id.count())}
","C*E.9. But note many systems use C*E.2 for this","./originalText[mediaType/code=""text/plain""]/data"
"Practitioner.identifier:idCardNumber.system","Practitioner.identifier.system","","","",1,1,"Y","","Y","uri {[]} {[]}
","身份识别码（identifier）的命名空间（namespace）
例如：身分证字号='idCardNumber'","Establishes the namespace for the value - that is, a URL that describes a set values that are unique.","Identifier.system is always case sensitive.","There are many sets  of identifiers.  To perform matching of two identifiers, we need to know what set we're dealing with. The system identifies a particular set of unique identifiers.","","","","<valueUri xmlns=""http://hl7.org/fhir"" value=""idCardNumber""/>","<valueUri xmlns=""http://hl7.org/fhir"" value=""http://www.acme.com/identifiers/patient""/>","","",,,,,"",,,,"Identifier.system",0,1,"","ele-1:All FHIR elements must have a @value or children {hasValue() or (children().count() > id.count())}
","CX.4 / EI-2-4","II.root or Role.id.root","./IdentifierType"
"Practitioner.identifier:idCardNumber.value","Practitioner.identifier.value","","","",1,1,"Y","","Y","string {[]} {[]}
","唯一值。
例如：身分证字号为430421199304193041","The portion of the identifier typically relevant to the user and which is unique within the context of the system.","If the value is a full URI, then the system SHALL be urn:ietf:rfc:3986.  The value's primary purpose is computational mapping.  As a result, it may be normalized for comparison purposes (e.g. removing non-significant whitespace, dashes, etc.)  A value formatted for human display can be conveyed using the [Rendered Value extension](http://hl7.org/fhir/R4/extension-rendered-value.html). Identifier.value is to be treated as case sensitive unless knowledge of the Identifier.system allows the processer to be confident that non-case-sensitive processing is safe.","","","","","","<valueString xmlns=""http://hl7.org/fhir"" value=""123456""/>","","",,,,,"",,,,"Identifier.value",0,1,"","ele-1:All FHIR elements must have a @value or children {hasValue() or (children().count() > id.count())}
","CX.1 / EI.1","II.extension or II.root if system indicates OID or GUID (Or Role.id.extension or root)","./Value"
"Practitioner.identifier:idCardNumber.period","Practitioner.identifier.period","","","",0,1,"","","Y","Period {[]} {[]}
","Time period when id is/was valid for use","Time period during which identifier is/was valid for use.","","","","","","","","","",,,,,"",,,,"Identifier.period",0,1,"","ele-1:All FHIR elements must have a @value or children {hasValue() or (children().count() > id.count())}
","CX.7 + CX.8","Role.effectiveTime or implied by context","./StartDate and ./EndDate"
"Practitioner.identifier:idCardNumber.assigner","Practitioner.identifier.assigner","","","",0,1,"","","Y","Reference {[]} {[CanonicalType[https://whcater.github.io/serious-med-ig/StructureDefinition/sm-organization]]}
","Organization that issued id (may be just text)","Organization that issued/manages the identifier.","The Identifier.assigner may omit the .reference element and only contain a .display element reflecting the name or other textual information about the assigning organization.","","","","","","","","",,,,,"",,,,"Identifier.assigner",0,1,"","ele-1:All FHIR elements must have a @value or children {hasValue() or (children().count() > id.count())}
","CX.4 / (CX.4,CX.9,CX.10)","II.assigningAuthorityName but note that this is an improper use by the definition of the field.  Also Role.scoper","./IdentifierIssuingAuthority"
"Practitioner.identifier:passportNumber","Practitioner.identifier","passportNumber","","",0,1,"Y","","Y","Identifier {[]} {[]}
","适用护照号码","适用于护照号码","","通常此人员总是被指定一个特定的数值型的唯一识别码（identifier）","","","","","","","",,,,,"",,,,"Practitioner.identifier",0,*,"","ele-1:All FHIR elements must have a @value or children {hasValue() or (children().count() > id.count())}
","PRD-7 (or XCN.1)","./id","./Identifiers","FiveWs.identifier"
"Practitioner.identifier:passportNumber.id","Practitioner.identifier.id","","","",0,1,"","","","string {[]} {[]}
","Unique id for inter-element referencing","Unique id for the element within a resource (for internal references). This may be any string value that does not contain spaces.","","","","","","","","","",,,,,"",,,,"Element.id",0,1,"","","n/a"
"Practitioner.identifier:passportNumber.extension","Practitioner.identifier.extension","","extensions
user content","",0,*,"","","","Extension {[]} {[]}
","Additional content defined by implementations","May be used to represent additional information that is not part of the basic definition of the element. To make the use of extensions safe and manageable, there is a strict set of governance  applied to the definition and use of extensions. Though any implementer can define an extension, there is a set of requirements that SHALL be met as part of the definition of the extension.","There can be no stigma associated with the use of extensions by any application, project, or standard - regardless of the institution or jurisdiction that uses or defines the extensions.  The use of extensions is what allows the FHIR specification to retain a core level of simplicity for everyone.","","","","","","","","",,,,,"","value:url}
","Extensions are always sliced by (at least) url",,"open","Element.extension",0,*,"","ele-1:All FHIR elements must have a @value or children {hasValue() or (children().count() > id.count())}
ext-1:Must have either extensions or value[x], not both {extension.exists() != value.exists()}","n/a"
"Practitioner.identifier:passportNumber.use","Practitioner.identifier.use","","","",0,1,"Y","Y","Y","code {[]} {[]}
","usual ｜ official ｜ temp ｜ secondary ｜ old （如果知道）","这个唯一识别码（identifier）的用途","应用程序可以假定一个识别码是永久的，除非它明确说它是暂时的。","允许从一组识别码中为特定的使用场景选择适当的识别码","","","","<valueCode xmlns=""http://hl7.org/fhir"" value=""official""/>","","","",,"required","如果知道，请说明此识别码的目的；应填入所绑定值集中的其中一个代码。","http://hl7.org/fhir/ValueSet/identifier-use|4.0.1","",,,,"Identifier.use",0,1,"","ele-1:All FHIR elements must have a @value or children {hasValue() or (children().count() > id.count())}
","N/A","Role.code or implied by context"
"Practitioner.identifier:passportNumber.type","Practitioner.identifier.type","","","",1,1,"Y","","Y","CodeableConcept {[]} {[]}
","身份识别码（identifier）的型别说明","A coded type for the identifier that can be used to determine which identifier to use for a specific purpose.","This element deals only with general categories of identifiers.  It SHOULD not be used for codes that correspond 1..1 with the Identifier.system. Some identifiers may fall into multiple categories due to common usage.   Where the system is known, a type is unnecessary because the type is always part of the system definition. However systems often need to handle identifiers where the system is not known. There is not a 1:1 relationship between type and system, since many different systems have the same type.","Allows users to make use of identifiers when the identifier system is not known.","","","","","","","",,"extensible","识别码的型别，用于决定特定目的所适用的识别码；应填入所绑定值集中适合的代码，确定无适合的代码才可以使用其他值集的代码来表示。","https://whcater.github.io/serious-med-ig/ValueSet/identifier-type","",,,,"Identifier.type",0,1,"","ele-1:All FHIR elements must have a @value or children {hasValue() or (children().count() > id.count())}
","CX.5","Role.code or implied by context"
"Practitioner.identifier:passportNumber.type.id","Practitioner.identifier.type.id","","","",0,1,"","","","string {[]} {[]}
","Unique id for inter-element referencing","Unique id for the element within a resource (for internal references). This may be any string value that does not contain spaces.","","","","","","","","","",,,,,"",,,,"Element.id",0,1,"","","n/a"
"Practitioner.identifier:passportNumber.type.extension","Practitioner.identifier.type.extension","","extensions
user content","",0,*,"","","","Extension {[]} {[]}
","Additional content defined by implementations","May be used to represent additional information that is not part of the basic definition of the element. To make the use of extensions safe and manageable, there is a strict set of governance  applied to the definition and use of extensions. Though any implementer can define an extension, there is a set of requirements that SHALL be met as part of the definition of the extension.","There can be no stigma associated with the use of extensions by any application, project, or standard - regardless of the institution or jurisdiction that uses or defines the extensions.  The use of extensions is what allows the FHIR specification to retain a core level of simplicity for everyone.","","","","","","","","",,,,,"","value:url}
","Extensions are always sliced by (at least) url",,"open","Element.extension",0,*,"","ele-1:All FHIR elements must have a @value or children {hasValue() or (children().count() > id.count())}
ext-1:Must have either extensions or value[x], not both {extension.exists() != value.exists()}","n/a"
"Practitioner.identifier:passportNumber.type.coding","Practitioner.identifier.type.coding","","","",1,*,"Y","","Y","Coding {[]} {[]}
","由专门术语系统（terminology system）定义的代码","由专门术语系统（terminology system）所定义之代码的参照","代码可以在列举清单（enumerations）或代码清单（code lists）中非常随意地定义，直至有非常正式的定义，例如：SNOMED CT—更多信息见HL7 v3核心原则（Core Principles）。编码的排序是未定义的因而 **必须没有（SHALL NOT）** 被用来推断意义。一般来说，最多只有一个编码值（coding values）会被标记为UserSelected = true。","允许编码系统中的替代编码，以及翻译到其他编码系统。","","","","","","","",,,,,"",,,,"CodeableConcept.coding",0,*,"","ele-1:All FHIR elements must have a @value or children {hasValue() or (children().count() > id.count())}
","C*E.1-8, C*E.10-22","union(., ./translation)"
"Practitioner.identifier:passportNumber.type.coding.id","Practitioner.identifier.type.coding.id","","","",0,1,"","","","string {[]} {[]}
","Unique id for inter-element referencing","Unique id for the element within a resource (for internal references). This may be any string value that does not contain spaces.","","","","","","","","","",,,,,"",,,,"Element.id",0,1,"","","n/a"
"Practitioner.identifier:passportNumber.type.coding.extension","Practitioner.identifier.type.coding.extension","","extensions
user content","",0,*,"","","","Extension {[]} {[]}
","Additional content defined by implementations","May be used to represent additional information that is not part of the basic definition of the element. To make the use of extensions safe and manageable, there is a strict set of governance  applied to the definition and use of extensions. Though any implementer can define an extension, there is a set of requirements that SHALL be met as part of the definition of the extension.","There can be no stigma associated with the use of extensions by any application, project, or standard - regardless of the institution or jurisdiction that uses or defines the extensions.  The use of extensions is what allows the FHIR specification to retain a core level of simplicity for everyone.","","","","","","","","",,,,,"","value:url}
","Extensions are always sliced by (at least) url",,"open","Element.extension",0,*,"","ele-1:All FHIR elements must have a @value or children {hasValue() or (children().count() > id.count())}
ext-1:Must have either extensions or value[x], not both {extension.exists() != value.exists()}","n/a"
"Practitioner.identifier:passportNumber.type.coding.system","Practitioner.identifier.type.coding.system","","","",1,1,"Y","","Y","uri {[]} {[]}
","专门术语系统（terminology system）的识别","定义代码中符号意义的编码系统识别","URI可以是一个OID（urn:oid:...）或一个UUID（urn:uuid:...）；OID和UUID **必须（SHALL）** 参照HL7 OID注册中心；否则，URI应该来自HL7的FHIR定义的特殊URI列表，或者它应该参照一些明确建立的系统定义。","需要明确说明符号定义的来源","","","","<valueUri xmlns=""http://hl7.org/fhir"" value=""http://terminology.hl7.org/CodeSystem/v2-0203""/>","","","",,,,,"",,,,"Coding.system",0,1,"","ele-1:All FHIR elements must have a @value or children {hasValue() or (children().count() > id.count())}
","C*E.3","./codeSystem"
"Practitioner.identifier:passportNumber.type.coding.version","Practitioner.identifier.type.coding.version","","","",0,1,"","","Y","string {[]} {[]}
","系统的版本—如果相关的话","选择此代码时使用的编码系统版本；请注意，一个维护良好的编码系统不需要版本报告，因为代码的意义在不同系统版本中是一致的；然而，不能始终保证这点，当不能保证意义一致时， **必须（SHALL）** 将版本信息也一并作交换。","如果专门术语没有明确定义应该使用什么字串来识别编码系统的版本，建议使用版本正式发布的日期（用FHIR日期格式表示）作为版本日期。","","","","","","","","",,,,,"",,,,"Coding.version",0,1,"","ele-1:All FHIR elements must have a @value or children {hasValue() or (children().count() > id.count())}
","C*E.7","./codeSystemVersion"
"Practitioner.identifier:passportNumber.type.coding.code","Practitioner.identifier.type.coding.code","","","",1,1,"Y","","Y","code {[]} {[]}
","系统定义的语法之符号","系统定义的语法之符号；符号可能是一个预先定义的代码，也可能是编码系统定义的语法中的表达式（如后组合配对／后组合式）。","","需要参照系统中的一个特定代码","","","","<valueCode xmlns=""http://hl7.org/fhir"" value=""PPN""/>","","","",,,,,"",,,,"Coding.code",0,1,"","ele-1:All FHIR elements must have a @value or children {hasValue() or (children().count() > id.count())}
","C*E.1","./code"
"Practitioner.identifier:passportNumber.type.coding.display","Practitioner.identifier.type.coding.display","","","",0,1,"Y","","Y","string {[]} {[]}
","由编码系统定义的描述","遵循系统的规则以呈现代码含义的描述","","需要能为不了解此系统的读者呈现可读的代码含义","","","","","","","",,,,,"",,,,"Coding.display",0,1,"","ele-1:All FHIR elements must have a @value or children {hasValue() or (children().count() > id.count())}
","C*E.2 - but note this is not well followed","CV.displayName"
"Practitioner.identifier:passportNumber.type.coding.userSelected","Practitioner.identifier.type.coding.userSelected","","","",0,1,"","","Y","boolean {[]} {[]}
","此编码是否由使用者直接选择？","表明此编码是由使用者直接选择，例如：从可用项目（代码或显示名称）的清单中选择。","在一系列备选方案中，直接选择的代码是新翻译最合适的起点；关于「直接选择」的确切意义，存在模糊不清之处，可能需要贸易伙伴的同意，以更完整澄清此资料项目的使用及其后果。","已被确定为一个临床安全准则—此确切的系统／代码对(code pair)是被明确选择的，而不是由编码系统根据一些规则或是程序语言处理判断。","","","","","","","",,,,,"",,,,"Coding.userSelected",0,1,"","ele-1:All FHIR elements must have a @value or children {hasValue() or (children().count() > id.count())}
","Sometimes implied by being first","CD.codingRationale"
"Practitioner.identifier:passportNumber.type.text","Practitioner.identifier.type.text","","","",0,1,"Y","","Y","string {[]} {[]}
","概念的文字描述","输入资料的使用者所见／所选／所说的人类可读文字表述，和（或）其代表使用者的预期含义。","很多时候，此文字表述与其中一个代码的显示名称相同。","专门术语中的代码并不总是能捕捉人类使用的细微差别的正确意义，或者根本就没有合适的代码；这些情况下，文字表述被用来捕捉来源的全部意义。","","","","","","","",,,,,"",,,,"CodeableConcept.text",0,1,"","ele-1:All FHIR elements must have a @value or children {hasValue() or (children().count() > id.count())}
","C*E.9. But note many systems use C*E.2 for this","./originalText[mediaType/code=""text/plain""]/data"
"Practitioner.identifier:passportNumber.system","Practitioner.identifier.system","","","",1,1,"Y","","Y","uri {[]} {[]}
","身份识别码（identifier）的命名空间（namespace）
例如：护照号码='passportNumber'","Establishes the namespace for the value - that is, a URL that describes a set values that are unique.","Identifier.system is always case sensitive.","There are many sets  of identifiers.  To perform matching of two identifiers, we need to know what set we're dealing with. The system identifies a particular set of unique identifiers.","","","","<valueUri xmlns=""http://hl7.org/fhir"" value=""passportNumber""/>","<valueUri xmlns=""http://hl7.org/fhir"" value=""http://www.acme.com/identifiers/patient""/>","","",,,,,"",,,,"Identifier.system",0,1,"","ele-1:All FHIR elements must have a @value or children {hasValue() or (children().count() > id.count())}
","CX.4 / EI-2-4","II.root or Role.id.root","./IdentifierType"
"Practitioner.identifier:passportNumber.value","Practitioner.identifier.value","","","",1,1,"Y","","Y","string {[]} {[]}
","唯一值。 例如：护照号码为888800371","The portion of the identifier typically relevant to the user and which is unique within the context of the system.","If the value is a full URI, then the system SHALL be urn:ietf:rfc:3986.  The value's primary purpose is computational mapping.  As a result, it may be normalized for comparison purposes (e.g. removing non-significant whitespace, dashes, etc.)  A value formatted for human display can be conveyed using the [Rendered Value extension](http://hl7.org/fhir/R4/extension-rendered-value.html). Identifier.value is to be treated as case sensitive unless knowledge of the Identifier.system allows the processer to be confident that non-case-sensitive processing is safe.","","","","","","<valueString xmlns=""http://hl7.org/fhir"" value=""123456""/>","","",,,,,"",,,,"Identifier.value",0,1,"","ele-1:All FHIR elements must have a @value or children {hasValue() or (children().count() > id.count())}
","CX.1 / EI.1","II.extension or II.root if system indicates OID or GUID (Or Role.id.extension or root)","./Value"
"Practitioner.identifier:passportNumber.period","Practitioner.identifier.period","","","",0,1,"","","Y","Period {[]} {[]}
","Time period when id is/was valid for use","Time period during which identifier is/was valid for use.","","","","","","","","","",,,,,"",,,,"Identifier.period",0,1,"","ele-1:All FHIR elements must have a @value or children {hasValue() or (children().count() > id.count())}
","CX.7 + CX.8","Role.effectiveTime or implied by context","./StartDate and ./EndDate"
"Practitioner.identifier:passportNumber.assigner","Practitioner.identifier.assigner","","","",0,1,"","","Y","Reference {[]} {[CanonicalType[https://whcater.github.io/serious-med-ig/StructureDefinition/sm-organization]]}
","Organization that issued id (may be just text)","Organization that issued/manages the identifier.","The Identifier.assigner may omit the .reference element and only contain a .display element reflecting the name or other textual information about the assigning organization.","","","","","","","","",,,,,"",,,,"Identifier.assigner",0,1,"","ele-1:All FHIR elements must have a @value or children {hasValue() or (children().count() > id.count())}
","CX.4 / (CX.4,CX.9,CX.10)","II.assigningAuthorityName but note that this is an improper use by the definition of the field.  Also Role.scoper","./IdentifierIssuingAuthority"
"Practitioner.identifier:residentNumber","Practitioner.identifier","residentNumber","","",0,1,"Y","","Y","Identifier {[]} {[]}
","适用居留证号码","适用于居留证号码","","通常此人员总是被指定一个特定的数值型的唯一识别码（identifier）","","","","","","","",,,,,"",,,,"Practitioner.identifier",0,*,"","ele-1:All FHIR elements must have a @value or children {hasValue() or (children().count() > id.count())}
","PRD-7 (or XCN.1)","./id","./Identifiers","FiveWs.identifier"
"Practitioner.identifier:residentNumber.id","Practitioner.identifier.id","","","",0,1,"","","","string {[]} {[]}
","Unique id for inter-element referencing","Unique id for the element within a resource (for internal references). This may be any string value that does not contain spaces.","","","","","","","","","",,,,,"",,,,"Element.id",0,1,"","","n/a"
"Practitioner.identifier:residentNumber.extension","Practitioner.identifier.extension","","extensions
user content","",0,*,"","","","Extension {[]} {[]}
","Additional content defined by implementations","May be used to represent additional information that is not part of the basic definition of the element. To make the use of extensions safe and manageable, there is a strict set of governance  applied to the definition and use of extensions. Though any implementer can define an extension, there is a set of requirements that SHALL be met as part of the definition of the extension.","There can be no stigma associated with the use of extensions by any application, project, or standard - regardless of the institution or jurisdiction that uses or defines the extensions.  The use of extensions is what allows the FHIR specification to retain a core level of simplicity for everyone.","","","","","","","","",,,,,"","value:url}
","Extensions are always sliced by (at least) url",,"open","Element.extension",0,*,"","ele-1:All FHIR elements must have a @value or children {hasValue() or (children().count() > id.count())}
ext-1:Must have either extensions or value[x], not both {extension.exists() != value.exists()}","n/a"
"Practitioner.identifier:residentNumber.use","Practitioner.identifier.use","","","",0,1,"Y","Y","Y","code {[]} {[]}
","usual ｜ official ｜ temp ｜ secondary ｜ old （如果知道）","这个唯一识别码（identifier）的用途","应用程序可以假定一个识别码是永久的，除非它明确说它是暂时的。","允许从一组识别码中为特定的使用场景选择适当的识别码","","","","<valueCode xmlns=""http://hl7.org/fhir"" value=""official""/>","","","",,"required","如果知道，请说明此识别码的目的；应填入所绑定值集中的其中一个代码。","http://hl7.org/fhir/ValueSet/identifier-use|4.0.1","",,,,"Identifier.use",0,1,"","ele-1:All FHIR elements must have a @value or children {hasValue() or (children().count() > id.count())}
","N/A","Role.code or implied by context"
"Practitioner.identifier:residentNumber.type","Practitioner.identifier.type","","","",1,1,"Y","","Y","CodeableConcept {[]} {[]}
","身份识别码（identifier）的型别说明","A coded type for the identifier that can be used to determine which identifier to use for a specific purpose.","This element deals only with general categories of identifiers.  It SHOULD not be used for codes that correspond 1..1 with the Identifier.system. Some identifiers may fall into multiple categories due to common usage.   Where the system is known, a type is unnecessary because the type is always part of the system definition. However systems often need to handle identifiers where the system is not known. There is not a 1:1 relationship between type and system, since many different systems have the same type.","Allows users to make use of identifiers when the identifier system is not known.","","","","","","","",,"extensible","识别码的型别，用于决定特定目的所适用的识别码；应填入所绑定值集中适合的代码，确定无适合的代码才可以使用其他值集的代码来表示。","https://whcater.github.io/serious-med-ig/ValueSet/identifier-type","",,,,"Identifier.type",0,1,"","ele-1:All FHIR elements must have a @value or children {hasValue() or (children().count() > id.count())}
","CX.5","Role.code or implied by context"
"Practitioner.identifier:residentNumber.type.id","Practitioner.identifier.type.id","","","",0,1,"","","","string {[]} {[]}
","Unique id for inter-element referencing","Unique id for the element within a resource (for internal references). This may be any string value that does not contain spaces.","","","","","","","","","",,,,,"",,,,"Element.id",0,1,"","","n/a"
"Practitioner.identifier:residentNumber.type.extension","Practitioner.identifier.type.extension","","extensions
user content","",0,*,"","","","Extension {[]} {[]}
","Additional content defined by implementations","May be used to represent additional information that is not part of the basic definition of the element. To make the use of extensions safe and manageable, there is a strict set of governance  applied to the definition and use of extensions. Though any implementer can define an extension, there is a set of requirements that SHALL be met as part of the definition of the extension.","There can be no stigma associated with the use of extensions by any application, project, or standard - regardless of the institution or jurisdiction that uses or defines the extensions.  The use of extensions is what allows the FHIR specification to retain a core level of simplicity for everyone.","","","","","","","","",,,,,"","value:url}
","Extensions are always sliced by (at least) url",,"open","Element.extension",0,*,"","ele-1:All FHIR elements must have a @value or children {hasValue() or (children().count() > id.count())}
ext-1:Must have either extensions or value[x], not both {extension.exists() != value.exists()}","n/a"
"Practitioner.identifier:residentNumber.type.coding","Practitioner.identifier.type.coding","","","",1,*,"","","Y","Coding {[]} {[]}
","由专门术语系统（terminology system）定义的代码","由专门术语系统（terminology system）所定义之代码的参照","代码可以在列举清单（enumerations）或代码清单（code lists）中非常随意地定义，直至有非常正式的定义，例如：SNOMED CT—更多信息见HL7 v3核心原则（Core Principles）。编码的排序是未定义的因而 **必须没有（SHALL NOT）** 被用来推断意义。一般来说，最多只有一个编码值（coding values）会被标记为UserSelected = true。","允许编码系统中的替代编码，以及翻译到其他编码系统。","","","","","","","",,,,,"",,,,"CodeableConcept.coding",0,*,"","ele-1:All FHIR elements must have a @value or children {hasValue() or (children().count() > id.count())}
","C*E.1-8, C*E.10-22","union(., ./translation)"
"Practitioner.identifier:residentNumber.type.coding.id","Practitioner.identifier.type.coding.id","","","",0,1,"","","","string {[]} {[]}
","Unique id for inter-element referencing","Unique id for the element within a resource (for internal references). This may be any string value that does not contain spaces.","","","","","","","","","",,,,,"",,,,"Element.id",0,1,"","","n/a"
"Practitioner.identifier:residentNumber.type.coding.extension","Practitioner.identifier.type.coding.extension","","extensions
user content","",0,*,"","","","Extension {[]} {[]}
","Additional content defined by implementations","May be used to represent additional information that is not part of the basic definition of the element. To make the use of extensions safe and manageable, there is a strict set of governance  applied to the definition and use of extensions. Though any implementer can define an extension, there is a set of requirements that SHALL be met as part of the definition of the extension.","There can be no stigma associated with the use of extensions by any application, project, or standard - regardless of the institution or jurisdiction that uses or defines the extensions.  The use of extensions is what allows the FHIR specification to retain a core level of simplicity for everyone.","","","","","","","","",,,,,"","value:url}
","Extensions are always sliced by (at least) url",,"open","Element.extension",0,*,"","ele-1:All FHIR elements must have a @value or children {hasValue() or (children().count() > id.count())}
ext-1:Must have either extensions or value[x], not both {extension.exists() != value.exists()}","n/a"
"Practitioner.identifier:residentNumber.type.coding.system","Practitioner.identifier.type.coding.system","","","",1,1,"Y","","Y","uri {[]} {[]}
","专门术语系统（terminology system）的识别","定义代码中符号意义的编码系统识别","URI可以是一个OID（urn:oid:...）或一个UUID（urn:uuid:...）；OID和UUID **必须（SHALL）** 参照HL7 OID注册中心；否则，URI应该来自HL7的FHIR定义的特殊URI列表，或者它应该参照一些明确建立的系统定义。","需要明确说明符号定义的来源","","","","<valueUri xmlns=""http://hl7.org/fhir"" value=""http://terminology.hl7.org/CodeSystem/v2-0203""/>","","","",,,,,"",,,,"Coding.system",0,1,"","ele-1:All FHIR elements must have a @value or children {hasValue() or (children().count() > id.count())}
","C*E.3","./codeSystem"
"Practitioner.identifier:residentNumber.type.coding.version","Practitioner.identifier.type.coding.version","","","",0,1,"","","Y","string {[]} {[]}
","系统的版本—如果相关的话","选择此代码时使用的编码系统版本；请注意，一个维护良好的编码系统不需要版本报告，因为代码的意义在不同系统版本中是一致的；然而，不能始终保证这点，当不能保证意义一致时， **必须（SHALL）** 将版本信息也一并作交换。","如果专门术语没有明确定义应该使用什么字串来识别编码系统的版本，建议使用版本正式发布的日期（用FHIR日期格式表示）作为版本日期。","","","","","","","","",,,,,"",,,,"Coding.version",0,1,"","ele-1:All FHIR elements must have a @value or children {hasValue() or (children().count() > id.count())}
","C*E.7","./codeSystemVersion"
"Practitioner.identifier:residentNumber.type.coding.code","Practitioner.identifier.type.coding.code","","","",1,1,"Y","","Y","code {[]} {[]}
","系统定义的语法之符号","系统定义的语法之符号；符号可能是一个预先定义的代码，也可能是编码系统定义的语法中的表达式（如后组合配对／后组合式）。","","需要参照系统中的一个特定代码","","","","<valueCode xmlns=""http://hl7.org/fhir"" value=""PRC""/>","","","",,,,,"",,,,"Coding.code",0,1,"","ele-1:All FHIR elements must have a @value or children {hasValue() or (children().count() > id.count())}
","C*E.1","./code"
"Practitioner.identifier:residentNumber.type.coding.display","Practitioner.identifier.type.coding.display","","","",0,1,"Y","","Y","string {[]} {[]}
","由编码系统定义的描述","遵循系统的规则以呈现代码含义的描述","","需要能为不了解此系统的读者呈现可读的代码含义","","","","","","","",,,,,"",,,,"Coding.display",0,1,"","ele-1:All FHIR elements must have a @value or children {hasValue() or (children().count() > id.count())}
","C*E.2 - but note this is not well followed","CV.displayName"
"Practitioner.identifier:residentNumber.type.coding.userSelected","Practitioner.identifier.type.coding.userSelected","","","",0,1,"","","Y","boolean {[]} {[]}
","此编码是否由使用者直接选择？","表明此编码是由使用者直接选择，例如：从可用项目（代码或显示名称）的清单中选择。","在一系列备选方案中，直接选择的代码是新翻译最合适的起点；关于「直接选择」的确切意义，存在模糊不清之处，可能需要贸易伙伴的同意，以更完整澄清此资料项目的使用及其后果。","已被确定为一个临床安全准则—此确切的系统／代码对(code pair)是被明确选择的，而不是由编码系统根据一些规则或是程序语言处理判断。","","","","","","","",,,,,"",,,,"Coding.userSelected",0,1,"","ele-1:All FHIR elements must have a @value or children {hasValue() or (children().count() > id.count())}
","Sometimes implied by being first","CD.codingRationale"
"Practitioner.identifier:residentNumber.type.text","Practitioner.identifier.type.text","","","",0,1,"Y","","Y","string {[]} {[]}
","概念的文字描述","输入资料的使用者所见／所选／所说的人类可读文字表述，和（或）其代表使用者的预期含义。","很多时候，此文字表述与其中一个代码的显示名称相同。","专门术语中的代码并不总是能捕捉人类使用的细微差别的正确意义，或者根本就没有合适的代码；这些情况下，文字表述被用来捕捉来源的全部意义。","","","","","","","",,,,,"",,,,"CodeableConcept.text",0,1,"","ele-1:All FHIR elements must have a @value or children {hasValue() or (children().count() > id.count())}
","C*E.9. But note many systems use C*E.2 for this","./originalText[mediaType/code=""text/plain""]/data"
"Practitioner.identifier:residentNumber.system","Practitioner.identifier.system","","","",1,1,"Y","","Y","uri {[]} {[]}
","身份识别码（identifier）的命名空间（namespace）
例如：居留证号='residentNumber'。","Establishes the namespace for the value - that is, a URL that describes a set values that are unique.","Identifier.system is always case sensitive.","There are many sets  of identifiers.  To perform matching of two identifiers, we need to know what set we're dealing with. The system identifies a particular set of unique identifiers.","","","","<valueUri xmlns=""http://hl7.org/fhir"" value=""residentNumber""/>","<valueUri xmlns=""http://hl7.org/fhir"" value=""http://www.acme.com/identifiers/patient""/>","","",,,,,"",,,,"Identifier.system",0,1,"","ele-1:All FHIR elements must have a @value or children {hasValue() or (children().count() > id.count())}
","CX.4 / EI-2-4","II.root or Role.id.root","./IdentifierType"
"Practitioner.identifier:residentNumber.value","Practitioner.identifier.value","","","",1,1,"Y","","Y","string {[]} {[]}
","唯一值。 例如：居留证号码为A912345678","The portion of the identifier typically relevant to the user and which is unique within the context of the system.","If the value is a full URI, then the system SHALL be urn:ietf:rfc:3986.  The value's primary purpose is computational mapping.  As a result, it may be normalized for comparison purposes (e.g. removing non-significant whitespace, dashes, etc.)  A value formatted for human display can be conveyed using the [Rendered Value extension](http://hl7.org/fhir/R4/extension-rendered-value.html). Identifier.value is to be treated as case sensitive unless knowledge of the Identifier.system allows the processer to be confident that non-case-sensitive processing is safe.","","","","","","<valueString xmlns=""http://hl7.org/fhir"" value=""123456""/>","","",,,,,"",,,,"Identifier.value",0,1,"","ele-1:All FHIR elements must have a @value or children {hasValue() or (children().count() > id.count())}
","CX.1 / EI.1","II.extension or II.root if system indicates OID or GUID (Or Role.id.extension or root)","./Value"
"Practitioner.identifier:residentNumber.period","Practitioner.identifier.period","","","",0,1,"","","Y","Period {[]} {[]}
","Time period when id is/was valid for use","Time period during which identifier is/was valid for use.","","","","","","","","","",,,,,"",,,,"Identifier.period",0,1,"","ele-1:All FHIR elements must have a @value or children {hasValue() or (children().count() > id.count())}
","CX.7 + CX.8","Role.effectiveTime or implied by context","./StartDate and ./EndDate"
"Practitioner.identifier:residentNumber.assigner","Practitioner.identifier.assigner","","","",0,1,"","","Y","Reference {[]} {[CanonicalType[https://whcater.github.io/serious-med-ig/StructureDefinition/sm-organization]]}
","Organization that issued id (may be just text)","Organization that issued/manages the identifier.","The Identifier.assigner may omit the .reference element and only contain a .display element reflecting the name or other textual information about the assigning organization.","","","","","","","","",,,,,"",,,,"Identifier.assigner",0,1,"","ele-1:All FHIR elements must have a @value or children {hasValue() or (children().count() > id.count())}
","CX.4 / (CX.4,CX.9,CX.10)","II.assigningAuthorityName but note that this is an improper use by the definition of the field.  Also Role.scoper","./IdentifierIssuingAuthority"
"Practitioner.active","Practitioner.active","","","",0,1,"Y","","Y","boolean {[]} {[]}
","此医护服务提供人员的纪录是否在使用中","此医护服务提供人员的纪录是否在使用中","如果机构未使用此医护服务提供人员纪录，那么应该在PractitonerRole上标注结束日期（即使他们是使用中的），因为他们可能以另一种角色存在。","由于医护服务提供人员的纪录被错误建立，需能将其纪录标注为非使用中。","","This resource is generally assumed to be active if no value is provided for the active element","","","","","",,,,,"",,,,"Practitioner.active",0,1,"","ele-1:All FHIR elements must have a @value or children {hasValue() or (children().count() > id.count())}
","./statusCode","FiveWs.status"
"Practitioner.name","Practitioner.name","","","",1,*,"Y","","Y","HumanName {[]} {[]}
","医护服务提供人员的姓名","医护服务提供人员的姓名","使用属性的选择应确保有一个指定的常用名称，其他名称应根据需要使用暱称（别名）、旧名或其他值。
 
一般来说，根据以下条件决定要在ResourceReference.display中使用的值：
 
1. 有一个以上的名字
2. Use=usual
3. Period（使用期间）是目前日期至使用截止日期
4. Use=official
5. 其他顺序则由内部业务规则决定","Practitioner所使用的名称。如果有多个名字，则应使用此健康医护服务提供者常用的名字来显示。","","","","","","","",,,,,"",,,,"Practitioner.name",0,*,"","ele-1:All FHIR elements must have a @value or children {hasValue() or (children().count() > id.count())}
rl-patient-name:Patient.name.text or Patient.name.family or both SHALL be present {text.exists() or family.exists()}","XCN Components","./name","./PreferredName (GivenNames, FamilyName, TitleCode)"
"Practitioner.name.id","Practitioner.name.id","","","",0,1,"","","","string {[]} {[]}
","Unique id for inter-element referencing","Unique id for the element within a resource (for internal references). This may be any string value that does not contain spaces.","","","","","","","","","",,,,,"",,,,"Element.id",0,1,"","","n/a"
"Practitioner.name.extension","Practitioner.name.extension","","extensions
user content","",0,*,"","","","Extension {[]} {[]}
","Additional content defined by implementations","May be used to represent additional information that is not part of the basic definition of the element. To make the use of extensions safe and manageable, there is a strict set of governance  applied to the definition and use of extensions. Though any implementer can define an extension, there is a set of requirements that SHALL be met as part of the definition of the extension.","There can be no stigma associated with the use of extensions by any application, project, or standard - regardless of the institution or jurisdiction that uses or defines the extensions.  The use of extensions is what allows the FHIR specification to retain a core level of simplicity for everyone.","","","","","","","","",,,,,"","value:url}
","Extensions are always sliced by (at least) url",,"open","Element.extension",0,*,"","ele-1:All FHIR elements must have a @value or children {hasValue() or (children().count() > id.count())}
ext-1:Must have either extensions or value[x], not both {extension.exists() != value.exists()}","n/a"
"Practitioner.name.use","Practitioner.name.use","","","",0,1,"Y","Y","Y","code {[]} {[]}
","usual | official | temp | nickname | anonymous | old | maiden","此姓名的用途","应用程序可以假定一个姓名是永久的，除非它明确说它是暂时或旧的。","允许从一组姓名中为特定的使用场景选择适当的姓名","","","","<valueCode xmlns=""http://hl7.org/fhir"" value=""official""/>","","","",,"required","人名的使用情况；应填入所绑定值集中的其中一个代码。","http://hl7.org/fhir/ValueSet/name-use|4.0.1","",,,,"HumanName.use",0,1,"","ele-1:All FHIR elements must have a @value or children {hasValue() or (children().count() > id.count())}
","XPN.7, but often indicated by which field contains the name","unique(./use)","./NamePurpose"
"Practitioner.name.text","Practitioner.name.text","","","",0,1,"Y","","Y","string {[]} {[]}
","完整的中文姓名","完整姓名的文字表述。由于世界各地的文化差异，取得资料的系统可能不知道如何正确地呈现姓名；此外，不是所有的名字部分都呈现予姓或名。因此，我们强烈建议创建者透过这个资料项目提供姓名的显示文字。","可以同时提供文字表述（text）和部分（part）。更新姓名的应用程序 **必须（SHALL）** 确保当test和lpart都存在时，text中不包含part中没有的内容。","A renderable, unencoded form.","","","","","<valueString xmlns=""http://hl7.org/fhir"" value=""王依升""/>","","",,,,,"",,,,"HumanName.text",0,1,"","ele-1:All FHIR elements must have a @value or children {hasValue() or (children().count() > id.count())}
","implied by XPN.11","./formatted"
"Practitioner.name.family","Practitioner.name.family","","surname
","",0,1,"Y","","Y","string {[]} {[]}
","英文姓","姓名中与族谱相关的部分。在一些文化中（如厄立特里亚），儿子的姓氏是其父亲的名字。","姓氏可以使用扩充名（de、nl、es相关文化）分解成具体的部分（part）","","","","","","<valueString xmlns=""http://hl7.org/fhir"" value=""Wang""/>","","",,,,,"",,,,"HumanName.family",0,1,"","ele-1:All FHIR elements must have a @value or children {hasValue() or (children().count() > id.count())}
","XPN.1/FN.1","./part[partType = FAM]","./FamilyName"
"Practitioner.name.given","Practitioner.name.given","","first name
middle name","",0,*,"Y","","Y","string {[]} {[]}
","英文名","姓名中的「名」","如果只记录首字母，可以用它们来代替完整姓名。首字母可以分为多个名，但由于实际情况的限制，通常不会这样做。这个资料项目不被称为 「first name」，因为「given name」并不总是排在前面。","","","","","","<valueString xmlns=""http://hl7.org/fhir"" value=""Yi Sheng""/>","","",,,,,"",,,,"HumanName.given",0,*,"","ele-1:All FHIR elements must have a @value or children {hasValue() or (children().count() > id.count())}
","XPN.2 + XPN.3","./part[partType = GIV]","./GivenNames"
"Practitioner.name.prefix","Practitioner.name.prefix","","","",0,*,"","","Y","string {[]} {[]}
","姓名前面的头衔
由于学术，法律，职业或贵族身份等原因而获得头衔，出现在姓名开头。","由于学术、法规、就业或贵族身份等原因而获得的名，并出现在姓名的开头。","","","","","","","","","",,,,,"",,,,"HumanName.prefix",0,*,"","ele-1:All FHIR elements must have a @value or children {hasValue() or (children().count() > id.count())}
","XPN.5","./part[partType = PFX]","./TitleCode"
"Practitioner.name.suffix","Practitioner.name.suffix","","","",0,*,"","","Y","string {[]} {[]}
","姓名后面的称谓
由于学术，法律，职业或贵族身份等原因而获得头衔，出现在姓名之后。","由于学术、法规、就业或贵族身份等原因而获得的名，并出现在姓名的开头。","","","","","","","","","",,,,,"",,,,"HumanName.suffix",0,*,"","ele-1:All FHIR elements must have a @value or children {hasValue() or (children().count() > id.count())}
","XPN/4","./part[partType = SFX]"
"Practitioner.name.period","Practitioner.name.period","","","",0,1,"","","Y","Period {[]} {[]}
","此姓名的使用效期","表明这个姓名对此病人有效的时间区间或期间","","允许多个姓名按其历史场景（效期）储存","","","","","","","",,,,,"",,,,"HumanName.period",0,1,"","ele-1:All FHIR elements must have a @value or children {hasValue() or (children().count() > id.count())}
","XPN.13 + XPN.14","./usablePeriod[type=""IVL<TS>""]","./StartDate and ./EndDate"
"Practitioner.telecom","Practitioner.telecom","","","",0,*,"Y","","Y","ContactPoint {[]} {[]}
","医护服务提供人员的详细联络方式（适用于所有角色）。","医护服务提供人员的详细联络方式，例如：电话号码或电子邮件信箱。","个人可能有多种联系方式，有不同的用途或适用期。可能需要有与该人紧急联系的选项，并帮助识别。这些通常会有家用电话号码，或没有特定角色的手机号码。","不论医护服务提供人员的角色是什么，需要知道如何与医护服务提供人员取得联系。","","","","","","","",,,,,"",,,,"Practitioner.telecom",0,*,"","ele-1:All FHIR elements must have a @value or children {hasValue() or (children().count() > id.count())}
","PRT-15, STF-10, ROL-12","./telecom","./ContactPoints"
"Practitioner.telecom.id","Practitioner.telecom.id","","","",0,1,"","","","string {[]} {[]}
","Unique id for inter-element referencing","Unique id for the element within a resource (for internal references). This may be any string value that does not contain spaces.","","","","","","","","","",,,,,"",,,,"Element.id",0,1,"","","n/a"
"Practitioner.telecom.extension","Practitioner.telecom.extension","","extensions
user content","",0,*,"","","","Extension {[]} {[]}
","Additional content defined by implementations","May be used to represent additional information that is not part of the basic definition of the element. To make the use of extensions safe and manageable, there is a strict set of governance  applied to the definition and use of extensions. Though any implementer can define an extension, there is a set of requirements that SHALL be met as part of the definition of the extension.","There can be no stigma associated with the use of extensions by any application, project, or standard - regardless of the institution or jurisdiction that uses or defines the extensions.  The use of extensions is what allows the FHIR specification to retain a core level of simplicity for everyone.","","","","","","","","",,,,,"","value:url}
","Extensions are always sliced by (at least) url",,"open","Element.extension",0,*,"","ele-1:All FHIR elements must have a @value or children {hasValue() or (children().count() > id.count())}
ext-1:Must have either extensions or value[x], not both {extension.exists() != value.exists()}","n/a"
"Practitioner.telecom.system","Practitioner.telecom.system","","","",1,1,"Y","","Y","code {[]} {[]}
","phone | fax | email | pager | url | sms | other","联络方式的通讯形式－需要什么通讯系统进行联络","","","","","","","","","",,"required","应填入所绑定值集中的其中一个代码。","http://hl7.org/fhir/ValueSet/contact-point-system|4.0.1","",,,,"ContactPoint.system",0,1,"cpt-2
","ele-1:All FHIR elements must have a @value or children {hasValue() or (children().count() > id.count())}
","XTN.3","./scheme","./ContactPointType"
"Practitioner.telecom.value","Practitioner.telecom.value","","","",1,1,"Y","","Y","string {[]} {[]}
","实际的联络方式之细节","实际的联络方式之细节，针对指定的通讯系统提供有意义的形式（电话号码或是电子邮件位址）。","额外的文字资料，例如电话分机号码、或关于联络人的说明，有时也包括于此值。","需支援非严格格式控制之旧有号码","","","","","","","",,,,,"",,,,"ContactPoint.value",0,1,"","ele-1:All FHIR elements must have a @value or children {hasValue() or (children().count() > id.count())}
","XTN.1 (or XTN.12)","./url","./Value"
"Practitioner.telecom.use","Practitioner.telecom.use","","","",0,1,"Y","Y","Y","code {[]} {[]}
","home | work | temp | old | mobile－此联络方式的用途","确定联络方式的用途","应用程序可以假定一个联络方法是目前使用中，除非它明确说它是暂时的或旧的。","需要追踪此人使用这种联络的方式，使用者可以选择适合他们用途的联络方式。","","","","","","","",,"required","应填入所绑定值集中的其中一个代码。","http://hl7.org/fhir/ValueSet/contact-point-use|4.0.1","",,,,"ContactPoint.use",0,1,"","ele-1:All FHIR elements must have a @value or children {hasValue() or (children().count() > id.count())}
","XTN.2 - but often indicated by field","unique(./use)","./ContactPointPurpose"
"Practitioner.telecom.rank","Practitioner.telecom.rank","","","",0,1,"","","Y","positiveInt {[]} {[]}
","具体说明偏好的使用顺序（1=最高优先顺序）","具体说明使用一组联络方式的优先顺序，较小排名序位的联络方式比较大排名序位的联络方式之序位还要前面。","请注意，排名序位没有一定要遵循联络方式在实例中呈现的顺序。","","","","","","","","",,,,,"",,,,"ContactPoint.rank",0,1,"","ele-1:All FHIR elements must have a @value or children {hasValue() or (children().count() > id.count())}
","n/a","n/a"
"Practitioner.telecom.period","Practitioner.telecom.period","","","",0,1,"Y","","Y","Period {[]} {[]}
","此联络方式的使用效期","此联络方式的使用效期","","","","","","","","","",,,,,"",,,,"ContactPoint.period",0,1,"","ele-1:All FHIR elements must have a @value or children {hasValue() or (children().count() > id.count())}
","N/A","./usablePeriod[type=""IVL<TS>""]","./StartDate and ./EndDate"
"Practitioner.address","Practitioner.address","","","",0,*,"Y","","Y","Address {[]} {[]}
","不限特定角色的医护服务提供人员的地址（通常是住家地址）","不限特定角色的健康医护服务提供者的地址（通常是住家地址），工作地址通常不在此属性中输入，因为它们通常取决于此人员的角色。","PractitionerRole上没有address但有location属性（它有一个地址）用于这个目的。","Administrative Gender为行政管理的及保存纪录目的之健康医护服务提供者性别","","","","","","","",,,,,"",,,,"Practitioner.address",0,*,"","ele-1:All FHIR elements must have a @value or children {hasValue() or (children().count() > id.count())}
","ORC-24, STF-11, ROL-11, PRT-14","./addr","./Addresses"
"Practitioner.gender","Practitioner.gender","","","",0,1,"Y","","Y","code {[]} {[]}
","male ｜ female ｜ other ｜ unknown","Administrative Gender为行政管理的及保存纪录目的之健康医护服务提供者性别","","用以正确称呼健康医护服务提供者","","","","","","","",,"required","性别；应填入所绑定值集中的其中一个代码。","http://hl7.org/fhir/ValueSet/administrative-gender|4.0.1","",,,,"Practitioner.gender",0,1,"","ele-1:All FHIR elements must have a @value or children {hasValue() or (children().count() > id.count())}
","STF-5","./administrativeGender","./GenderCode"
"Practitioner.birthDate","Practitioner.birthDate","","","",0,1,"Y","","Y","date {[]} {[]}
","医护服务提供人员的出生日期","医护服务提供人员的出生日期","","为了识别身份而需要","","","","","","","",,,,,"",,,,"Practitioner.birthDate",0,1,"","ele-1:All FHIR elements must have a @value or children {hasValue() or (children().count() > id.count())}
","STF-6","./birthTime","(not represented in ServD)"
"Practitioner.photo","Practitioner.photo","","","",0,*,"Y","","","Attachment {[]} {[]}
","人员的影像（照片）","人员的影像（照片）","","许多EHR系统有能力取得健康医护服务提供者的影像（照片），这也符合较新的社群媒体的使用。","","","","","","","",,,,,"",,,,"Practitioner.photo",0,*,"","ele-1:All FHIR elements must have a @value or children {hasValue() or (children().count() > id.count())}
","./subjectOf/ObservationEvent[code=""photo""]/value","./ImageURI (only supports the URI reference)"
"Practitioner.qualification","Practitioner.qualification","","","",0,*,"","","","BackboneElement {[]} {[]}
","与医护服务相关的证书、执照或培训","授权或其他与医护服务提供人员提供医护有关的官方证书、执照和培训。例如：由卫生福利部颁发的医师证书。","","","","","","","","","",,,,,"",,,,"Practitioner.qualification",0,*,"","ele-1:All FHIR elements must have a @value or children {hasValue() or (children().count() > id.count())}
","CER?",".playingEntity.playingRole[classCode=QUAL].code","./Qualifications"
"Practitioner.qualification.id","Practitioner.qualification.id","","","",0,1,"","","","string {[]} {[]}
","Unique id for inter-element referencing","Unique id for the element within a resource (for internal references). This may be any string value that does not contain spaces.","","","","","","","","","",,,,,"",,,,"Element.id",0,1,"","","n/a"
"Practitioner.qualification.extension","Practitioner.qualification.extension","","extensions
user content","",0,*,"","","","Extension {[]} {[]}
","Additional content defined by implementations","May be used to represent additional information that is not part of the basic definition of the element. To make the use of extensions safe and manageable, there is a strict set of governance  applied to the definition and use of extensions. Though any implementer can define an extension, there is a set of requirements that SHALL be met as part of the definition of the extension.","There can be no stigma associated with the use of extensions by any application, project, or standard - regardless of the institution or jurisdiction that uses or defines the extensions.  The use of extensions is what allows the FHIR specification to retain a core level of simplicity for everyone.","","","","","","","","",,,,,"",,,,"Element.extension",0,*,"","ele-1:All FHIR elements must have a @value or children {hasValue() or (children().count() > id.count())}
ext-1:Must have either extensions or value[x], not both {extension.exists() != value.exists()}","n/a"
"Practitioner.qualification.modifierExtension","Practitioner.qualification.modifierExtension","","extensions
user contentmodifiers","",0,*,"","Y","Y","Extension {[]} {[]}
","Extensions that cannot be ignored even if unrecognized","May be used to represent additional information that is not part of the basic definition of the element and that modifies the understanding of the element in which it is contained and/or the understanding of the containing element's descendants. Usually modifier elements provide negation or qualification. To make the use of extensions safe and manageable, there is a strict set of governance applied to the definition and use of extensions. Though any implementer can define an extension, there is a set of requirements that SHALL be met as part of the definition of the extension. Applications processing a resource are required to check for modifier extensions.

Modifier extensions SHALL NOT change the meaning of any elements on Resource or DomainResource (including cannot change the meaning of modifierExtension itself).","There can be no stigma associated with the use of extensions by any application, project, or standard - regardless of the institution or jurisdiction that uses or defines the extensions.  The use of extensions is what allows the FHIR specification to retain a core level of simplicity for everyone.","Modifier extensions allow for extensions that *cannot* be safely ignored to be clearly distinguished from the vast majority of extensions which can be safely ignored.  This promotes interoperability by eliminating the need for implementers to prohibit the presence of extensions. For further information, see the [definition of modifier extensions](http://hl7.org/fhir/R4/extensibility.html#modifierExtension).","","","","","","","",,,,,"",,,,"BackboneElement.modifierExtension",0,*,"","ele-1:All FHIR elements must have a @value or children {hasValue() or (children().count() > id.count())}
ext-1:Must have either extensions or value[x], not both {extension.exists() != value.exists()}","N/A"
"Practitioner.qualification.identifier","Practitioner.qualification.identifier","","","",0,*,"","","","Identifier {[]} {[]}
","医护服务提供人员的资格证书识别码","此人在此角色的资格证书之识别码","","通常此资格证书会被指定特定识别码","","","","","","","",,,,,"",,,,"Practitioner.qualification.identifier",0,*,"","ele-1:All FHIR elements must have a @value or children {hasValue() or (children().count() > id.count())}
",".playingEntity.playingRole[classCode=QUAL].id"
"Practitioner.qualification.code","Practitioner.qualification.code","","","",1,1,"","","","CodeableConcept {[]} {[]}
","资格证书的编码描述","资格证书的编码描述","","","","","","","","","",,"example","医护服务提供人员提供服务所具有的具体资格证书；应填入所绑定值集中适合的代码，确定无适合的代码才可以使用其他值集的代码来表示。","http://terminology.hl7.org/ValueSet/v2-2.7-0360","",,,,"Practitioner.qualification.code",1,1,"","ele-1:All FHIR elements must have a @value or children {hasValue() or (children().count() > id.count())}
",".playingEntity.playingRole[classCode=QUAL].code","./Qualifications.Value"
"Practitioner.qualification.period","Practitioner.qualification.period","","","",0,1,"","","","Period {[]} {[]}
","资格证书的有效期限","资格证书的有效期限","","资格证书通常是有期限的，并且可以被撤销。","","","","","","","",,,,,"",,,,"Practitioner.qualification.period",0,1,"","ele-1:All FHIR elements must have a @value or children {hasValue() or (children().count() > id.count())}
",".playingEntity.playingRole[classCode=QUAL].effectiveTime","./Qualifications.StartDate and ./Qualifications.EndDate"
"Practitioner.qualification.issuer","Practitioner.qualification.issuer","","","",0,1,"","","","Reference {[]} {[CanonicalType[https://whcater.github.io/serious-med-ig/StructureDefinition/sm-organization]]}
","监管和颁发资格证书的机构","监管和颁发资格证书的机构","","","","","","","","","",,,,,"",,,,"Practitioner.qualification.issuer",0,1,"","ele-1:All FHIR elements must have a @value or children {hasValue() or (children().count() > id.count())}
",".playingEntity.playingRole[classCode=QUAL].scoper"
"Practitioner.communication","Practitioner.communication","","","",0,*,"","","","CodeableConcept {[]} {[]}
","健康医护服务提供者与病人沟通时可使用的语言","健康医护服务提供者与病人沟通时可使用的语言","带有这种精确字母大小写的aa-BB结构是最广泛使用的地方性符号之一。但并不是所有的系统都对其进行编码，而是将其作为纯文字表述。因此，data type为CodeableConcept而不是code。","知道医护服务提供人员讲哪种语言有助于促进与病人的沟通","","","","","<valueString xmlns=""http://hl7.org/fhir"" value=""zh-TW""/>","","",,"preferred","人类语言；鼓励使用所绑定值集中的代码，但不强制一定要使用此值集，你也可使用其他值集的代码或单纯以文字表示。","http://hl7.org/fhir/ValueSet/languages","",,,,"Practitioner.communication",0,*,"","ele-1:All FHIR elements must have a @value or children {hasValue() or (children().count() > id.count())}
","PID-15, NK1-20, LAN-2","./languageCommunication","./Languages.LanguageSpokenCode"
