{
  "resourceType" : "Bundle",
  "id" : "874a2137-91f2-41de-b215-296fd0a5e15e",
  "meta" : {
    "lastUpdated" : "2024-10-17T16:06:49.695+00:00"
  },
  "type" : "collection",
  "entry" : [{
    "fullUrl" : "https://sm-ig.gihub.io/ValueSet/identifier-type",
    "resource" : {
      "resourceType" : "ValueSet",
      "text" : {
        "status" : "generated",
        "div" : "<div xmlns=\"http://www.w3.org/1999/xhtml\"><p class=\"res-header-id\"><b>Generated Narrative: ValueSet </b></p><div style=\"border: black 1px dotted; background-color: #EEEEEE; padding: 8px; margin-bottom: 8px\"><p>Expansion based on:</p><ul><li><a href=\"http://terminology.hl7.org/6.0.2/CodeSystem-v2-0203.html\">codesystem identifierType v4.0.0 (CodeSystem)</a></li><li><a href=\"CodeSystem-v2-0203.html\">codesystem 识别码类型 v1.0.0 (CodeSystem)</a></li></ul></div><p>This value set contains 140 concepts</p><table class=\"codes\"><tr><td style=\"white-space:nowrap\"><b>Code</b></td><td><b>System</b></td><td><b>Display</b></td><td><b>Definition</b></td></tr><tr><td style=\"white-space:nowrap\"><a name=\"x-http://terminology.hl7.org/CodeSystem/v2-0203-AC\"> </a>\u00a0\u00a0<a href=\"http://terminology.hl7.org/6.0.2/CodeSystem-v2-0203.html#v2-0203-AC\">AC</a></td><td>http://terminology.hl7.org/CodeSystem/v2-0203</td><td>Accreditation/Certification Identifier</td><td><div><p>Identifier that has been assigned by an accreditation or certification organization in specific fields, indicating a recognized skill</p>\n</div></td></tr><tr><td style=\"white-space:nowrap\"><a name=\"x-http://terminology.hl7.org/CodeSystem/v2-0203-ACSN\"> </a>\u00a0\u00a0<a href=\"http://terminology.hl7.org/6.0.2/CodeSystem-v2-0203.html#v2-0203-ACSN\">ACSN</a></td><td>http://terminology.hl7.org/CodeSystem/v2-0203</td><td>Accession ID</td><td><div><p>Accession Identifier</p>\n</div></td></tr><tr><td style=\"white-space:nowrap\"><a name=\"x-http://terminology.hl7.org/CodeSystem/v2-0203-AIN\"> </a>\u00a0\u00a0<a href=\"http://terminology.hl7.org/6.0.2/CodeSystem-v2-0203.html#v2-0203-AIN\">AIN</a></td><td>http://terminology.hl7.org/CodeSystem/v2-0203</td><td>Animal Identification Number (US Official)</td><td><div><p>A numbering system for the official identification of individual animals in the United States that provides a nationally unique identification number for each animal. The first two numbers on a tag are the numbers assigned to a specific State.</p>\n</div></td></tr><tr><td style=\"white-space:nowrap\"><a name=\"x-http://terminology.hl7.org/CodeSystem/v2-0203-AM\"> </a>\u00a0\u00a0<a href=\"http://terminology.hl7.org/6.0.2/CodeSystem-v2-0203.html#v2-0203-AM\">AM</a></td><td>http://terminology.hl7.org/CodeSystem/v2-0203</td><td>American Express</td><td><div><p>American Express</p>\n</div></td></tr><tr><td style=\"white-space:nowrap\"><a name=\"x-http://terminology.hl7.org/CodeSystem/v2-0203-AMA\"> </a>\u00a0\u00a0<a href=\"http://terminology.hl7.org/6.0.2/CodeSystem-v2-0203.html#v2-0203-AMA\">AMA</a></td><td>http://terminology.hl7.org/CodeSystem/v2-0203</td><td>American Medical Association Number</td><td><div><p>A physician identifier assigned by the AMA.</p>\n</div></td></tr><tr><td style=\"white-space:nowrap\"><a name=\"x-http://terminology.hl7.org/CodeSystem/v2-0203-AN\"> </a>\u00a0\u00a0<a href=\"http://terminology.hl7.org/6.0.2/CodeSystem-v2-0203.html#v2-0203-AN\">AN</a></td><td>http://terminology.hl7.org/CodeSystem/v2-0203</td><td>Account number</td><td><div><p>Account An identifier that is unique to an account.</p>\n</div></td></tr><tr><td style=\"white-space:nowrap\"><a name=\"x-http://terminology.hl7.org/CodeSystem/v2-0203-ANC\"> </a>\u00a0\u00a0<a href=\"http://terminology.hl7.org/6.0.2/CodeSystem-v2-0203.html#v2-0203-ANC\">ANC</a></td><td>http://terminology.hl7.org/CodeSystem/v2-0203</td><td>Account number Creditor</td><td><div><p>A more precise definition of an account number</p>\n</div></td></tr><tr><td style=\"white-space:nowrap\"><a name=\"x-http://terminology.hl7.org/CodeSystem/v2-0203-AND\"> </a>\u00a0\u00a0<a href=\"http://terminology.hl7.org/6.0.2/CodeSystem-v2-0203.html#v2-0203-AND\">AND</a></td><td>http://terminology.hl7.org/CodeSystem/v2-0203</td><td>Account number debitor</td><td><div><p>A more precise definition of an account number</p>\n</div></td></tr><tr><td style=\"white-space:nowrap\"><a name=\"x-http://terminology.hl7.org/CodeSystem/v2-0203-ANON\"> </a>\u00a0\u00a0<a href=\"http://terminology.hl7.org/6.0.2/CodeSystem-v2-0203.html#v2-0203-ANON\">ANON</a></td><td>http://terminology.hl7.org/CodeSystem/v2-0203</td><td>Anonymous identifier</td><td><div><p>An identifier for a living subject whose real identity is protected or suppressed</p>\n</div></td></tr><tr><td style=\"white-space:nowrap\"><a name=\"x-http://terminology.hl7.org/CodeSystem/v2-0203-ANT\"> </a>\u00a0\u00a0<a href=\"http://terminology.hl7.org/6.0.2/CodeSystem-v2-0203.html#v2-0203-ANT\">ANT</a></td><td>http://terminology.hl7.org/CodeSystem/v2-0203</td><td>Temporary Account Number</td><td><div><p>Temporary version of an Account Number</p>\n</div></td></tr><tr><td style=\"white-space:nowrap\"><a name=\"x-http://terminology.hl7.org/CodeSystem/v2-0203-APRN\"> </a>\u00a0\u00a0<a href=\"http://terminology.hl7.org/6.0.2/CodeSystem-v2-0203.html#v2-0203-APRN\">APRN</a></td><td>http://terminology.hl7.org/CodeSystem/v2-0203</td><td>Advanced Practice Registered Nurse number</td><td><div><p>An identifier that is unique to an advanced practice registered nurse within the jurisdiction of a certifying board</p>\n</div></td></tr><tr><td style=\"white-space:nowrap\"><a name=\"x-http://terminology.hl7.org/CodeSystem/v2-0203-ASID\"> </a>\u00a0\u00a0<a href=\"http://terminology.hl7.org/6.0.2/CodeSystem-v2-0203.html#v2-0203-ASID\">ASID</a></td><td>http://terminology.hl7.org/CodeSystem/v2-0203</td><td>Ancestor Specimen ID</td><td><div><p>A unique identifier for the ancestor specimen.</p>\n</div></td></tr><tr><td style=\"white-space:nowrap\"><a name=\"x-http://terminology.hl7.org/CodeSystem/v2-0203-BA\"> </a>\u00a0\u00a0<a href=\"http://terminology.hl7.org/6.0.2/CodeSystem-v2-0203.html#v2-0203-BA\">BA</a></td><td>http://terminology.hl7.org/CodeSystem/v2-0203</td><td>Bank Account Number</td><td><div><p>Bank Account Number</p>\n</div></td></tr><tr><td style=\"white-space:nowrap\"><a name=\"x-http://terminology.hl7.org/CodeSystem/v2-0203-BC\"> </a>\u00a0\u00a0<a href=\"http://terminology.hl7.org/6.0.2/CodeSystem-v2-0203.html#v2-0203-BC\">BC</a></td><td>http://terminology.hl7.org/CodeSystem/v2-0203</td><td>Bank Card Number</td><td><div><p>An identifier that is unique to a person's bank card</p>\n</div></td></tr><tr><td style=\"white-space:nowrap\"><a name=\"x-http://terminology.hl7.org/CodeSystem/v2-0203-BCFN\"> </a>\u00a0\u00a0<a href=\"http://terminology.hl7.org/6.0.2/CodeSystem-v2-0203.html#v2-0203-BCFN\">BCFN</a></td><td>http://terminology.hl7.org/CodeSystem/v2-0203</td><td>Birth Certificate File Number</td><td><div><p>The identifier used within the jurisdictional vital records office file system as an auxiliary means of accessing the record associated with the birth certificate.</p>\n</div></td></tr><tr><td style=\"white-space:nowrap\"><a name=\"x-http://terminology.hl7.org/CodeSystem/v2-0203-BCT\"> </a>\u00a0\u00a0<a href=\"http://terminology.hl7.org/6.0.2/CodeSystem-v2-0203.html#v2-0203-BCT\">BCT</a></td><td>http://terminology.hl7.org/CodeSystem/v2-0203</td><td>Birth Certificate</td><td><div><p>A number associated with a document identifying the event of a person's birth</p>\n</div></td></tr><tr><td style=\"white-space:nowrap\"><a name=\"x-http://terminology.hl7.org/CodeSystem/v2-0203-BR\"> </a>\u00a0\u00a0<a href=\"http://terminology.hl7.org/6.0.2/CodeSystem-v2-0203.html#v2-0203-BR\">BR</a></td><td>http://terminology.hl7.org/CodeSystem/v2-0203</td><td>Birth registry number</td><td><div><p>An identifier unique within the Assigning Authority that is the official legal record of a person's birth.</p>\n</div></td></tr><tr><td style=\"white-space:nowrap\"><a name=\"x-http://terminology.hl7.org/CodeSystem/v2-0203-BRN\"> </a>\u00a0\u00a0<a href=\"http://terminology.hl7.org/6.0.2/CodeSystem-v2-0203.html#v2-0203-BRN\">BRN</a></td><td>http://terminology.hl7.org/CodeSystem/v2-0203</td><td>Breed Registry Number</td><td><div><p>Breed Registry Number</p>\n</div></td></tr><tr><td style=\"white-space:nowrap\"><a name=\"x-http://terminology.hl7.org/CodeSystem/v2-0203-BSNR\"> </a>\u00a0\u00a0<a href=\"http://terminology.hl7.org/6.0.2/CodeSystem-v2-0203.html#v2-0203-BSNR\">BSNR</a></td><td>http://terminology.hl7.org/CodeSystem/v2-0203</td><td>Primary physician office number</td><td><div><p>Primary physician office number</p>\n</div></td></tr><tr><td style=\"white-space:nowrap\"><a name=\"x-http://terminology.hl7.org/CodeSystem/v2-0203-CAAI\"> </a>\u00a0\u00a0<a href=\"http://terminology.hl7.org/6.0.2/CodeSystem-v2-0203.html#v2-0203-CAAI\">CAAI</a></td><td>http://terminology.hl7.org/CodeSystem/v2-0203</td><td>Consumer Application Account Identifier</td><td><div><p>An identifier for the consumer (e.g., patient, caregiver) for an application such as a portal or App.</p>\n</div></td></tr><tr><td style=\"white-space:nowrap\"><a name=\"x-http://terminology.hl7.org/CodeSystem/v2-0203-CC\"> </a>\u00a0\u00a0<a href=\"http://terminology.hl7.org/6.0.2/CodeSystem-v2-0203.html#v2-0203-CC\">CC</a></td><td>http://terminology.hl7.org/CodeSystem/v2-0203</td><td>Cost Center number</td><td><div><p>Cost Center number</p>\n</div></td></tr><tr><td style=\"white-space:nowrap\"><a name=\"x-http://terminology.hl7.org/CodeSystem/v2-0203-CONM\"> </a>\u00a0\u00a0<a href=\"http://terminology.hl7.org/6.0.2/CodeSystem-v2-0203.html#v2-0203-CONM\">CONM</a></td><td>http://terminology.hl7.org/CodeSystem/v2-0203</td><td>Change of Name Document</td><td><div><p>A number associated with a document identifying a person's legal change of name.</p>\n</div></td></tr><tr><td style=\"white-space:nowrap\"><a name=\"x-http://terminology.hl7.org/CodeSystem/v2-0203-CY\"> </a>\u00a0\u00a0<a href=\"http://terminology.hl7.org/6.0.2/CodeSystem-v2-0203.html#v2-0203-CY\">CY</a></td><td>http://terminology.hl7.org/CodeSystem/v2-0203</td><td>County number</td><td><div><p>County number</p>\n</div></td></tr><tr><td style=\"white-space:nowrap\"><a name=\"x-http://terminology.hl7.org/CodeSystem/v2-0203-CZ\"> </a>\u00a0\u00a0<a href=\"http://terminology.hl7.org/6.0.2/CodeSystem-v2-0203.html#v2-0203-CZ\">CZ</a></td><td>http://terminology.hl7.org/CodeSystem/v2-0203</td><td>Citizenship Card</td><td><div><p>A number assigned by a person's country of residence to identify a person's citizenship.</p>\n</div></td></tr><tr><td style=\"white-space:nowrap\"><a name=\"x-http://terminology.hl7.org/CodeSystem/v2-0203-DC\"> </a>\u00a0\u00a0<a href=\"http://terminology.hl7.org/6.0.2/CodeSystem-v2-0203.html#v2-0203-DC\">DC</a></td><td>http://terminology.hl7.org/CodeSystem/v2-0203</td><td>Death Certificate ID</td><td><div><p>The identifier assigned to a death certificate, and printed on the death certificate when issued by a jurisdictional vital records office</p>\n</div></td></tr><tr><td style=\"white-space:nowrap\"><a name=\"x-http://terminology.hl7.org/CodeSystem/v2-0203-DCFN\"> </a>\u00a0\u00a0<a href=\"http://terminology.hl7.org/6.0.2/CodeSystem-v2-0203.html#v2-0203-DCFN\">DCFN</a></td><td>http://terminology.hl7.org/CodeSystem/v2-0203</td><td>Death Certificate File Number</td><td><div><p>The identifier used within the jurisdictional vital records office file system as an auxiliary means of accessing the record associated with the death certificate.</p>\n</div></td></tr><tr><td style=\"white-space:nowrap\"><a name=\"x-http://terminology.hl7.org/CodeSystem/v2-0203-DDS\"> </a>\u00a0\u00a0<a href=\"http://terminology.hl7.org/6.0.2/CodeSystem-v2-0203.html#v2-0203-DDS\">DDS</a></td><td>http://terminology.hl7.org/CodeSystem/v2-0203</td><td>Dentist license number</td><td><div><p>An identifier that is unique to a dentist within the jurisdiction of the licensing board</p>\n</div></td></tr><tr><td style=\"white-space:nowrap\"><a name=\"x-http://terminology.hl7.org/CodeSystem/v2-0203-DEA\"> </a>\u00a0\u00a0<a href=\"http://terminology.hl7.org/6.0.2/CodeSystem-v2-0203.html#v2-0203-DEA\">DEA</a></td><td>http://terminology.hl7.org/CodeSystem/v2-0203</td><td>Drug Enforcement Administration registration number</td><td><div><p>An identifier for an individual or organization relative to controlled substance regulation and transactions.</p>\n</div></td></tr><tr><td style=\"white-space:nowrap\"><a name=\"x-http://terminology.hl7.org/CodeSystem/v2-0203-DFN\"> </a>\u00a0\u00a0<a href=\"http://terminology.hl7.org/6.0.2/CodeSystem-v2-0203.html#v2-0203-DFN\">DFN</a></td><td>http://terminology.hl7.org/CodeSystem/v2-0203</td><td>Drug Furnishing or prescriptive authority Number</td><td><div><p>An identifier issued to a health care provider authorizing the person to write drug orders</p>\n</div></td></tr><tr><td style=\"white-space:nowrap\"><a name=\"x-http://terminology.hl7.org/CodeSystem/v2-0203-DI\"> </a>\u00a0\u00a0<a href=\"http://terminology.hl7.org/6.0.2/CodeSystem-v2-0203.html#v2-0203-DI\">DI</a></td><td>http://terminology.hl7.org/CodeSystem/v2-0203</td><td>Diner's Club card</td><td><div><p>Diner's Club card</p>\n</div></td></tr><tr><td style=\"white-space:nowrap\"><a name=\"x-http://terminology.hl7.org/CodeSystem/v2-0203-DL\"> </a>\u00a0\u00a0<a href=\"http://terminology.hl7.org/6.0.2/CodeSystem-v2-0203.html#v2-0203-DL\">DL</a></td><td>http://terminology.hl7.org/CodeSystem/v2-0203</td><td>Driver's license number</td><td><div><p>Driver's license number</p>\n</div></td></tr><tr><td style=\"white-space:nowrap\"><a name=\"x-http://terminology.hl7.org/CodeSystem/v2-0203-DN\"> </a>\u00a0\u00a0<a href=\"http://terminology.hl7.org/6.0.2/CodeSystem-v2-0203.html#v2-0203-DN\">DN</a></td><td>http://terminology.hl7.org/CodeSystem/v2-0203</td><td>Doctor number</td><td><div><p>Doctor number</p>\n</div></td></tr><tr><td style=\"white-space:nowrap\"><a name=\"x-http://terminology.hl7.org/CodeSystem/v2-0203-DO\"> </a>\u00a0\u00a0<a href=\"http://terminology.hl7.org/6.0.2/CodeSystem-v2-0203.html#v2-0203-DO\">DO</a></td><td>http://terminology.hl7.org/CodeSystem/v2-0203</td><td>Osteopathic License number</td><td><div><p>An identifier that is unique to an osteopath within the jurisdiction of a licensing board.</p>\n</div></td></tr><tr><td style=\"white-space:nowrap\"><a name=\"x-http://terminology.hl7.org/CodeSystem/v2-0203-DP\"> </a>\u00a0\u00a0<a href=\"http://terminology.hl7.org/6.0.2/CodeSystem-v2-0203.html#v2-0203-DP\">DP</a></td><td>http://terminology.hl7.org/CodeSystem/v2-0203</td><td>Diplomatic Passport</td><td><div><p>A number assigned to a diplomatic passport.</p>\n</div></td></tr><tr><td style=\"white-space:nowrap\"><a name=\"x-http://terminology.hl7.org/CodeSystem/v2-0203-DPM\"> </a>\u00a0\u00a0<a href=\"http://terminology.hl7.org/6.0.2/CodeSystem-v2-0203.html#v2-0203-DPM\">DPM</a></td><td>http://terminology.hl7.org/CodeSystem/v2-0203</td><td>Podiatrist license number</td><td><div><p>An identifier that is unique to a podiatrist within the jurisdiction of the licensing board.</p>\n</div></td></tr><tr><td style=\"white-space:nowrap\"><a name=\"x-http://terminology.hl7.org/CodeSystem/v2-0203-DR\"> </a>\u00a0\u00a0<a href=\"http://terminology.hl7.org/6.0.2/CodeSystem-v2-0203.html#v2-0203-DR\">DR</a></td><td>http://terminology.hl7.org/CodeSystem/v2-0203</td><td>Donor Registration Number</td><td><div><p>Donor Registration Number</p>\n</div></td></tr><tr><td style=\"white-space:nowrap\"><a name=\"x-http://terminology.hl7.org/CodeSystem/v2-0203-DS\"> </a>\u00a0\u00a0<a href=\"http://terminology.hl7.org/6.0.2/CodeSystem-v2-0203.html#v2-0203-DS\">DS</a></td><td>http://terminology.hl7.org/CodeSystem/v2-0203</td><td>Discover Card</td><td><div><p>Discover Card</p>\n</div></td></tr><tr><td style=\"white-space:nowrap\"><a name=\"x-http://terminology.hl7.org/CodeSystem/v2-0203-DSG\"> </a>\u00a0\u00a0<a href=\"http://terminology.hl7.org/6.0.2/CodeSystem-v2-0203.html#v2-0203-DSG\">DSG</a></td><td>http://terminology.hl7.org/CodeSystem/v2-0203</td><td>Diagnostic Study Group</td><td><div><p>Unique Identifier that groups several orders that are to be performed together.</p>\n</div></td></tr><tr><td style=\"white-space:nowrap\"><a name=\"x-http://terminology.hl7.org/CodeSystem/v2-0203-EI\"> </a>\u00a0\u00a0<a href=\"http://terminology.hl7.org/6.0.2/CodeSystem-v2-0203.html#v2-0203-EI\">EI</a></td><td>http://terminology.hl7.org/CodeSystem/v2-0203</td><td>Employee number</td><td><div><p>A number that uniquely identifies an employee to an employer.</p>\n</div></td></tr><tr><td style=\"white-space:nowrap\"><a name=\"x-http://terminology.hl7.org/CodeSystem/v2-0203-EN\"> </a>\u00a0\u00a0<a href=\"http://terminology.hl7.org/6.0.2/CodeSystem-v2-0203.html#v2-0203-EN\">EN</a></td><td>http://terminology.hl7.org/CodeSystem/v2-0203</td><td>Employer number</td><td><div><p>Employer number</p>\n</div></td></tr><tr><td style=\"white-space:nowrap\"><a name=\"x-http://terminology.hl7.org/CodeSystem/v2-0203-ESN\"> </a>\u00a0\u00a0<a href=\"http://terminology.hl7.org/6.0.2/CodeSystem-v2-0203.html#v2-0203-ESN\">ESN</a></td><td>http://terminology.hl7.org/CodeSystem/v2-0203</td><td>Staff Enterprise Number</td><td><div><p>An identifier that is unique to a staff member within an enterprise (as identified by the Assigning Authority).</p>\n</div></td></tr><tr><td style=\"white-space:nowrap\"><a name=\"x-http://terminology.hl7.org/CodeSystem/v2-0203-FDR\"> </a>\u00a0\u00a0<a href=\"http://terminology.hl7.org/6.0.2/CodeSystem-v2-0203.html#v2-0203-FDR\">FDR</a></td><td>http://terminology.hl7.org/CodeSystem/v2-0203</td><td>Fetal Death Report ID</td><td><div><p>The identifier assigned to a fetal death report, and printed on the fetal death report when issued by a jurisdictional vital records office</p>\n</div></td></tr><tr><td style=\"white-space:nowrap\"><a name=\"x-http://terminology.hl7.org/CodeSystem/v2-0203-FDRFN\"> </a>\u00a0\u00a0<a href=\"http://terminology.hl7.org/6.0.2/CodeSystem-v2-0203.html#v2-0203-FDRFN\">FDRFN</a></td><td>http://terminology.hl7.org/CodeSystem/v2-0203</td><td>Fetal Death Report File Number</td><td><div><p>The identifier used within the jurisdictional vital records office file system as an auxiliary means of accessing the record associated with the fetal death report certificate.</p>\n</div></td></tr><tr><td style=\"white-space:nowrap\"><a name=\"x-http://terminology.hl7.org/CodeSystem/v2-0203-FGN\"> </a>\u00a0\u00a0<a href=\"http://terminology.hl7.org/6.0.2/CodeSystem-v2-0203.html#v2-0203-FGN\">FGN</a></td><td>http://terminology.hl7.org/CodeSystem/v2-0203</td><td>Filler Group Number</td><td><div><p>Unique identifier assigned to a group of orders by the filler application.</p>\n</div></td></tr><tr><td style=\"white-space:nowrap\"><a name=\"x-http://terminology.hl7.org/CodeSystem/v2-0203-FI\"> </a>\u00a0\u00a0<a href=\"http://terminology.hl7.org/6.0.2/CodeSystem-v2-0203.html#v2-0203-FI\">FI</a></td><td>http://terminology.hl7.org/CodeSystem/v2-0203</td><td>Facility ID</td><td><div><p>Facility ID</p>\n</div></td></tr><tr><td style=\"white-space:nowrap\"><a name=\"x-http://terminology.hl7.org/CodeSystem/v2-0203-FILL\"> </a>\u00a0\u00a0<a href=\"http://terminology.hl7.org/6.0.2/CodeSystem-v2-0203.html#v2-0203-FILL\">FILL</a></td><td>http://terminology.hl7.org/CodeSystem/v2-0203</td><td>Filler Identifier</td><td><div><p>An identifier for a request where the identifier is issued by the person, or service, that produces the observations or fulfills the request.</p>\n</div></td></tr><tr><td style=\"white-space:nowrap\"><a name=\"x-http://terminology.hl7.org/CodeSystem/v2-0203-GI\"> </a>\u00a0\u00a0<a href=\"http://terminology.hl7.org/6.0.2/CodeSystem-v2-0203.html#v2-0203-GI\">GI</a></td><td>http://terminology.hl7.org/CodeSystem/v2-0203</td><td>Guarantor internal identifier</td><td><div><p>Guarantor internal identifier</p>\n</div></td></tr><tr><td style=\"white-space:nowrap\"><a name=\"x-http://terminology.hl7.org/CodeSystem/v2-0203-GIN\"> </a>\u00a0\u00a0<a href=\"http://terminology.hl7.org/6.0.2/CodeSystem-v2-0203.html#v2-0203-GIN\">GIN</a></td><td>http://terminology.hl7.org/CodeSystem/v2-0203</td><td>Animal Group Identifier (US Official)</td><td><div><p>Identifier that can be used to unambiguously describe a specific group of animals.</p>\n</div></td></tr><tr><td style=\"white-space:nowrap\"><a name=\"x-http://terminology.hl7.org/CodeSystem/v2-0203-GL\"> </a>\u00a0\u00a0<a href=\"http://terminology.hl7.org/6.0.2/CodeSystem-v2-0203.html#v2-0203-GL\">GL</a></td><td>http://terminology.hl7.org/CodeSystem/v2-0203</td><td>General ledger number</td><td><div><p>General ledger number</p>\n</div></td></tr><tr><td style=\"white-space:nowrap\"><a name=\"x-http://terminology.hl7.org/CodeSystem/v2-0203-GN\"> </a>\u00a0\u00a0<a href=\"http://terminology.hl7.org/6.0.2/CodeSystem-v2-0203.html#v2-0203-GN\">GN</a></td><td>http://terminology.hl7.org/CodeSystem/v2-0203</td><td>Guarantor external  identifier</td><td><div><p>Guarantor external  identifier</p>\n</div></td></tr><tr><td style=\"white-space:nowrap\"><a name=\"x-http://terminology.hl7.org/CodeSystem/v2-0203-HC\"> </a>\u00a0\u00a0<a href=\"http://terminology.hl7.org/6.0.2/CodeSystem-v2-0203.html#v2-0203-HC\">HC</a></td><td>http://terminology.hl7.org/CodeSystem/v2-0203</td><td>Health Card Number</td><td><div><p>Health Card Number</p>\n</div></td></tr><tr><td style=\"white-space:nowrap\"><a name=\"x-http://terminology.hl7.org/CodeSystem/v2-0203-IND\"> </a>\u00a0\u00a0<a href=\"http://terminology.hl7.org/6.0.2/CodeSystem-v2-0203.html#v2-0203-IND\">IND</a></td><td>http://terminology.hl7.org/CodeSystem/v2-0203</td><td>Indigenous/Aboriginal</td><td><div><p>A number assigned to a member of an indigenous or aboriginal group outside of Canada.</p>\n</div></td></tr><tr><td style=\"white-space:nowrap\"><a name=\"x-http://terminology.hl7.org/CodeSystem/v2-0203-IRISTEM\"> </a>\u00a0\u00a0<a href=\"http://terminology.hl7.org/6.0.2/CodeSystem-v2-0203.html#v2-0203-IRISTEM\">IRISTEM</a></td><td>http://terminology.hl7.org/CodeSystem/v2-0203</td><td>An IRI stem</td><td><div><p>An IRI string that can be prepended to the code to obtain a concept IRI for RDF applications. This should be a valid, absolute IRI as defined in RFC 3987. See https://hl7.org/fhir/rdf.html#iri-stem for details on how this value may be used.</p>\n</div></td></tr><tr><td style=\"white-space:nowrap\"><a name=\"x-http://terminology.hl7.org/CodeSystem/v2-0203-JHN\"> </a>\u00a0\u00a0<a href=\"http://terminology.hl7.org/6.0.2/CodeSystem-v2-0203.html#v2-0203-JHN\">JHN</a></td><td>http://terminology.hl7.org/CodeSystem/v2-0203</td><td>Jurisdictional health number</td><td><div><p>Jurisdictional health number</p>\n</div></td></tr><tr><td style=\"white-space:nowrap\"><a name=\"x-http://terminology.hl7.org/CodeSystem/v2-0203-LACSN\"> </a>\u00a0\u00a0<a href=\"http://terminology.hl7.org/6.0.2/CodeSystem-v2-0203.html#v2-0203-LACSN\">LACSN</a></td><td>http://terminology.hl7.org/CodeSystem/v2-0203</td><td>Laboratory Accession ID</td><td><div><p>A laboratory accession id is used in the laboratory domain.</p>\n</div></td></tr><tr><td style=\"white-space:nowrap\"><a name=\"x-http://terminology.hl7.org/CodeSystem/v2-0203-LANR\"> </a>\u00a0\u00a0<a href=\"http://terminology.hl7.org/6.0.2/CodeSystem-v2-0203.html#v2-0203-LANR\">LANR</a></td><td>http://terminology.hl7.org/CodeSystem/v2-0203</td><td>Lifelong physician number</td><td><div><p>Lifelong physician number</p>\n</div></td></tr><tr><td style=\"white-space:nowrap\"><a name=\"x-http://terminology.hl7.org/CodeSystem/v2-0203-LI\"> </a>\u00a0\u00a0<a href=\"http://terminology.hl7.org/6.0.2/CodeSystem-v2-0203.html#v2-0203-LI\">LI</a></td><td>http://terminology.hl7.org/CodeSystem/v2-0203</td><td>Labor and industries number</td><td><div><p>Labor and industries number</p>\n</div></td></tr><tr><td style=\"white-space:nowrap\"><a name=\"x-http://terminology.hl7.org/CodeSystem/v2-0203-L&amp;I\"> </a>\u00a0\u00a0<a href=\"http://terminology.hl7.org/6.0.2/CodeSystem-v2-0203.html#v2-0203-L.38I\">L&amp;I</a></td><td>http://terminology.hl7.org/CodeSystem/v2-0203</td><td>Labor and industries number</td><td><div><p>Labor and industries number.  Note that this was introduced erroneously (with an ampersand in the code value) many years ago.</p>\n</div></td></tr><tr><td style=\"white-space:nowrap\"><a name=\"x-http://terminology.hl7.org/CodeSystem/v2-0203-LN\"> </a>\u00a0\u00a0<a href=\"http://terminology.hl7.org/6.0.2/CodeSystem-v2-0203.html#v2-0203-LN\">LN</a></td><td>http://terminology.hl7.org/CodeSystem/v2-0203</td><td>License number</td><td><div><p>License number</p>\n</div></td></tr><tr><td style=\"white-space:nowrap\"><a name=\"x-http://terminology.hl7.org/CodeSystem/v2-0203-LR\"> </a>\u00a0\u00a0<a href=\"http://terminology.hl7.org/6.0.2/CodeSystem-v2-0203.html#v2-0203-LR\">LR</a></td><td>http://terminology.hl7.org/CodeSystem/v2-0203</td><td>Local Registry ID</td><td><div><p>Local Registry ID</p>\n</div></td></tr><tr><td style=\"white-space:nowrap\"><a name=\"x-http://terminology.hl7.org/CodeSystem/v2-0203-MA\"> </a>\u00a0\u00a0<a href=\"http://terminology.hl7.org/6.0.2/CodeSystem-v2-0203.html#v2-0203-MA\">MA</a></td><td>http://terminology.hl7.org/CodeSystem/v2-0203</td><td>Patient Medicaid number</td><td><div><p>Patient Medicaid number</p>\n</div></td></tr><tr><td style=\"white-space:nowrap\"><a name=\"x-http://terminology.hl7.org/CodeSystem/v2-0203-MB\"> </a>\u00a0\u00a0<a href=\"http://terminology.hl7.org/6.0.2/CodeSystem-v2-0203.html#v2-0203-MB\">MB</a></td><td>http://terminology.hl7.org/CodeSystem/v2-0203</td><td>Member Number</td><td><div><p>An identifier for the insured of an insurance policy (this insured always has a subscriber), usually assigned by the insurance carrier.</p>\n</div></td></tr><tr><td style=\"white-space:nowrap\"><a name=\"x-http://terminology.hl7.org/CodeSystem/v2-0203-MC\"> </a>\u00a0\u00a0<a href=\"http://terminology.hl7.org/6.0.2/CodeSystem-v2-0203.html#v2-0203-MC\">MC</a></td><td>http://terminology.hl7.org/CodeSystem/v2-0203</td><td>Patient's Medicare number</td><td><div><p>Patient's Medicare number</p>\n</div></td></tr><tr><td style=\"white-space:nowrap\"><a name=\"x-http://terminology.hl7.org/CodeSystem/v2-0203-MCD\"> </a>\u00a0\u00a0<a href=\"http://terminology.hl7.org/6.0.2/CodeSystem-v2-0203.html#v2-0203-MCD\">MCD</a></td><td>http://terminology.hl7.org/CodeSystem/v2-0203</td><td>Practitioner Medicaid number</td><td><div><p>Practitioner Medicaid number</p>\n</div></td></tr><tr><td style=\"white-space:nowrap\"><a name=\"x-http://terminology.hl7.org/CodeSystem/v2-0203-MCN\"> </a>\u00a0\u00a0<a href=\"http://terminology.hl7.org/6.0.2/CodeSystem-v2-0203.html#v2-0203-MCN\">MCN</a></td><td>http://terminology.hl7.org/CodeSystem/v2-0203</td><td>Microchip Number</td><td><div><p>Microchip Number</p>\n</div></td></tr><tr><td style=\"white-space:nowrap\"><a name=\"x-http://terminology.hl7.org/CodeSystem/v2-0203-MCR\"> </a>\u00a0\u00a0<a href=\"http://terminology.hl7.org/6.0.2/CodeSystem-v2-0203.html#v2-0203-MCR\">MCR</a></td><td>http://terminology.hl7.org/CodeSystem/v2-0203</td><td>Practitioner Medicare number</td><td><div><p>Practitioner Medicare number</p>\n</div></td></tr><tr><td style=\"white-space:nowrap\"><a name=\"x-http://terminology.hl7.org/CodeSystem/v2-0203-MCT\"> </a>\u00a0\u00a0<a href=\"http://terminology.hl7.org/6.0.2/CodeSystem-v2-0203.html#v2-0203-MCT\">MCT</a></td><td>http://terminology.hl7.org/CodeSystem/v2-0203</td><td>Marriage Certificate</td><td><div><p>A number associated with a document identifying the event of a person's marriage.</p>\n</div></td></tr><tr><td style=\"white-space:nowrap\"><a name=\"x-http://terminology.hl7.org/CodeSystem/v2-0203-MD\"> </a>\u00a0\u00a0<a href=\"http://terminology.hl7.org/6.0.2/CodeSystem-v2-0203.html#v2-0203-MD\">MD</a></td><td>http://terminology.hl7.org/CodeSystem/v2-0203</td><td>Medical License number</td><td><div><p>An identifier that is unique to a medical doctor within the jurisdiction of a licensing board.</p>\n</div></td></tr><tr><td style=\"white-space:nowrap\"><a name=\"x-http://terminology.hl7.org/CodeSystem/v2-0203-MI\"> </a>\u00a0\u00a0<a href=\"http://terminology.hl7.org/6.0.2/CodeSystem-v2-0203.html#v2-0203-MI\">MI</a></td><td>http://terminology.hl7.org/CodeSystem/v2-0203</td><td>Military ID number</td><td><div><p>A number assigned to an individual who has had military duty, but is not currently on active duty. The number is assigned by the DOD or Veterans' Affairs (VA).</p>\n</div></td></tr><tr><td style=\"white-space:nowrap\"><a name=\"x-http://terminology.hl7.org/CodeSystem/v2-0203-MR\"> </a>\u00a0\u00a0<a href=\"http://terminology.hl7.org/6.0.2/CodeSystem-v2-0203.html#v2-0203-MR\">MR</a></td><td>http://terminology.hl7.org/CodeSystem/v2-0203</td><td>Medical record number</td><td><div><p>An identifier that is unique to a patient within a set of medical records, not necessarily unique within an application.</p>\n</div></td></tr><tr><td style=\"white-space:nowrap\"><a name=\"x-http://terminology.hl7.org/CodeSystem/v2-0203-MRT\"> </a>\u00a0\u00a0<a href=\"http://terminology.hl7.org/6.0.2/CodeSystem-v2-0203.html#v2-0203-MRT\">MRT</a></td><td>http://terminology.hl7.org/CodeSystem/v2-0203</td><td>Temporary Medical Record Number</td><td><div><p>Temporary version of a Medical Record Number</p>\n</div></td></tr><tr><td style=\"white-space:nowrap\"><a name=\"x-http://terminology.hl7.org/CodeSystem/v2-0203-MS\"> </a>\u00a0\u00a0<a href=\"http://terminology.hl7.org/6.0.2/CodeSystem-v2-0203.html#v2-0203-MS\">MS</a></td><td>http://terminology.hl7.org/CodeSystem/v2-0203</td><td>MasterCard</td><td><div><p>MasterCard</p>\n</div></td></tr><tr><td style=\"white-space:nowrap\"><a name=\"x-http://terminology.hl7.org/CodeSystem/v2-0203-NBSNR\"> </a>\u00a0\u00a0<a href=\"http://terminology.hl7.org/6.0.2/CodeSystem-v2-0203.html#v2-0203-NBSNR\">NBSNR</a></td><td>http://terminology.hl7.org/CodeSystem/v2-0203</td><td>Secondary physician office number</td><td><div><p>Secondary physician office number</p>\n</div></td></tr><tr><td style=\"white-space:nowrap\"><a name=\"x-http://terminology.hl7.org/CodeSystem/v2-0203-NCT\"> </a>\u00a0\u00a0<a href=\"http://terminology.hl7.org/6.0.2/CodeSystem-v2-0203.html#v2-0203-NCT\">NCT</a></td><td>http://terminology.hl7.org/CodeSystem/v2-0203</td><td>Naturalization Certificate</td><td><div><p>A number associated with a document identifying a person's retention of citizenship in a particular country.</p>\n</div></td></tr><tr><td style=\"white-space:nowrap\"><a name=\"x-http://terminology.hl7.org/CodeSystem/v2-0203-NE\"> </a>\u00a0\u00a0<a href=\"http://terminology.hl7.org/6.0.2/CodeSystem-v2-0203.html#v2-0203-NE\">NE</a></td><td>http://terminology.hl7.org/CodeSystem/v2-0203</td><td>National employer identifier</td><td><div><p>National employer identifier</p>\n</div></td></tr><tr><td style=\"white-space:nowrap\"><a name=\"x-http://terminology.hl7.org/CodeSystem/v2-0203-NH\"> </a>\u00a0\u00a0<a href=\"http://terminology.hl7.org/6.0.2/CodeSystem-v2-0203.html#v2-0203-NH\">NH</a></td><td>http://terminology.hl7.org/CodeSystem/v2-0203</td><td>National Health Plan Identifier</td><td><div><p>National Health Plan Identifier</p>\n</div></td></tr><tr><td style=\"white-space:nowrap\"><a name=\"x-http://terminology.hl7.org/CodeSystem/v2-0203-NI\"> </a>\u00a0\u00a0<a href=\"http://terminology.hl7.org/6.0.2/CodeSystem-v2-0203.html#v2-0203-NI\">NI</a></td><td>http://terminology.hl7.org/CodeSystem/v2-0203</td><td>National unique individual identifier</td><td><div><p>National unique individual identifier</p>\n</div></td></tr><tr><td style=\"white-space:nowrap\"><a name=\"x-http://terminology.hl7.org/CodeSystem/v2-0203-NII\"> </a>\u00a0\u00a0<a href=\"http://terminology.hl7.org/6.0.2/CodeSystem-v2-0203.html#v2-0203-NII\">NII</a></td><td>http://terminology.hl7.org/CodeSystem/v2-0203</td><td>National Insurance Organization Identifier</td><td><div><p>National Insurance Organization Identifier</p>\n</div></td></tr><tr><td style=\"white-space:nowrap\"><a name=\"x-http://terminology.hl7.org/CodeSystem/v2-0203-NIIP\"> </a>\u00a0\u00a0<a href=\"http://terminology.hl7.org/6.0.2/CodeSystem-v2-0203.html#v2-0203-NIIP\">NIIP</a></td><td>http://terminology.hl7.org/CodeSystem/v2-0203</td><td>National Insurance Payor Identifier (Payor)</td><td><div><p>National Insurance Payor Identifier (Payor)</p>\n</div></td></tr><tr><td style=\"white-space:nowrap\"><a name=\"x-http://terminology.hl7.org/CodeSystem/v2-0203-NNxxx\"> </a>\u00a0\u00a0<a href=\"http://terminology.hl7.org/6.0.2/CodeSystem-v2-0203.html#v2-0203-NNxxx\">NNxxx</a></td><td>http://terminology.hl7.org/CodeSystem/v2-0203</td><td>National Person Identifier where the xxx is the ISO table 3166 3-character (alphabetic) country code</td><td><div><p>National Person Identifier where the xxx is the ISO table 3166 3-character (alphabetic) country code</p>\n</div></td></tr><tr><td style=\"white-space:nowrap\"><a name=\"x-http://terminology.hl7.org/CodeSystem/v2-0203-NP\"> </a>\u00a0\u00a0<a href=\"http://terminology.hl7.org/6.0.2/CodeSystem-v2-0203.html#v2-0203-NP\">NP</a></td><td>http://terminology.hl7.org/CodeSystem/v2-0203</td><td>Nurse practitioner number</td><td><div><p>An identifier that is unique to a nurse practitioner within the jurisdiction of a certifying board.</p>\n</div></td></tr><tr><td style=\"white-space:nowrap\"><a name=\"x-http://terminology.hl7.org/CodeSystem/v2-0203-NPI\"> </a>\u00a0\u00a0<a href=\"http://terminology.hl7.org/6.0.2/CodeSystem-v2-0203.html#v2-0203-NPI\">NPI</a></td><td>http://terminology.hl7.org/CodeSystem/v2-0203</td><td>National provider identifier</td><td><div><p>National provider identifier</p>\n</div></td></tr><tr><td style=\"white-space:nowrap\"><a name=\"x-http://terminology.hl7.org/CodeSystem/v2-0203-OBI\"> </a>\u00a0\u00a0<a href=\"http://terminology.hl7.org/6.0.2/CodeSystem-v2-0203.html#v2-0203-OBI\">OBI</a></td><td>http://terminology.hl7.org/CodeSystem/v2-0203</td><td>Observation Instance Identifier</td><td><div><p>Unique and persistent identifier for an observation instance</p>\n</div></td></tr><tr><td style=\"white-space:nowrap\"><a name=\"x-http://terminology.hl7.org/CodeSystem/v2-0203-OD\"> </a>\u00a0\u00a0<a href=\"http://terminology.hl7.org/6.0.2/CodeSystem-v2-0203.html#v2-0203-OD\">OD</a></td><td>http://terminology.hl7.org/CodeSystem/v2-0203</td><td>Optometrist license number</td><td><div><p>A number that is unique to an individual optometrist within the jurisdiction of the licensing board.</p>\n</div></td></tr><tr><td style=\"white-space:nowrap\"><a name=\"x-http://terminology.hl7.org/CodeSystem/v2-0203-PA\"> </a>\u00a0\u00a0<a href=\"http://terminology.hl7.org/6.0.2/CodeSystem-v2-0203.html#v2-0203-PA\">PA</a></td><td>http://terminology.hl7.org/CodeSystem/v2-0203</td><td>Physician Assistant number</td><td><div><p>An identifier that is unique to a physician assistant within the jurisdiction of a licensing board</p>\n</div></td></tr><tr><td style=\"white-space:nowrap\"><a name=\"x-http://terminology.hl7.org/CodeSystem/v2-0203-PC\"> </a>\u00a0\u00a0<a href=\"http://terminology.hl7.org/6.0.2/CodeSystem-v2-0203.html#v2-0203-PC\">PC</a></td><td>http://terminology.hl7.org/CodeSystem/v2-0203</td><td>Parole Card</td><td><div><p>A number identifying a person on parole.</p>\n</div></td></tr><tr><td style=\"white-space:nowrap\"><a name=\"x-http://terminology.hl7.org/CodeSystem/v2-0203-PCN\"> </a>\u00a0\u00a0<a href=\"http://terminology.hl7.org/6.0.2/CodeSystem-v2-0203.html#v2-0203-PCN\">PCN</a></td><td>http://terminology.hl7.org/CodeSystem/v2-0203</td><td>Penitentiary/correctional institution Number</td><td><div><p>A number assigned to individual who is incarcerated.</p>\n</div></td></tr><tr><td style=\"white-space:nowrap\"><a name=\"x-http://terminology.hl7.org/CodeSystem/v2-0203-PE\"> </a>\u00a0\u00a0<a href=\"http://terminology.hl7.org/6.0.2/CodeSystem-v2-0203.html#v2-0203-PE\">PE</a></td><td>http://terminology.hl7.org/CodeSystem/v2-0203</td><td>Living Subject Enterprise Number</td><td><div><p>An identifier that is unique to a living subject within an enterprise (as identified by the Assigning Authority).</p>\n</div></td></tr><tr><td style=\"white-space:nowrap\"><a name=\"x-http://terminology.hl7.org/CodeSystem/v2-0203-PEN\"> </a>\u00a0\u00a0<a href=\"http://terminology.hl7.org/6.0.2/CodeSystem-v2-0203.html#v2-0203-PEN\">PEN</a></td><td>http://terminology.hl7.org/CodeSystem/v2-0203</td><td>Pension Number</td><td><div><p>Pension Number</p>\n</div></td></tr><tr><td style=\"white-space:nowrap\"><a name=\"x-http://terminology.hl7.org/CodeSystem/v2-0203-PGN\"> </a>\u00a0\u00a0<a href=\"http://terminology.hl7.org/6.0.2/CodeSystem-v2-0203.html#v2-0203-PGN\">PGN</a></td><td>http://terminology.hl7.org/CodeSystem/v2-0203</td><td>Placer Group Number</td><td><div><p>Unique identifier assigned to a group of orders by the placer application.</p>\n</div></td></tr><tr><td style=\"white-space:nowrap\"><a name=\"x-http://terminology.hl7.org/CodeSystem/v2-0203-PHC\"> </a>\u00a0\u00a0<a href=\"http://terminology.hl7.org/6.0.2/CodeSystem-v2-0203.html#v2-0203-PHC\">PHC</a></td><td>http://terminology.hl7.org/CodeSystem/v2-0203</td><td>Public Health Case Identifier</td><td><div><p>Identifier assigned to a person during a case investigation as part of a public health event</p>\n</div></td></tr><tr><td style=\"white-space:nowrap\"><a name=\"x-http://terminology.hl7.org/CodeSystem/v2-0203-PHE\"> </a>\u00a0\u00a0<a href=\"http://terminology.hl7.org/6.0.2/CodeSystem-v2-0203.html#v2-0203-PHE\">PHE</a></td><td>http://terminology.hl7.org/CodeSystem/v2-0203</td><td>Public Health Event Identifier</td><td><div><p>Identifier assigned to an event of interest to public health</p>\n</div></td></tr><tr><td style=\"white-space:nowrap\"><a name=\"x-http://terminology.hl7.org/CodeSystem/v2-0203-PHO\"> </a>\u00a0\u00a0<a href=\"http://terminology.hl7.org/6.0.2/CodeSystem-v2-0203.html#v2-0203-PHO\">PHO</a></td><td>http://terminology.hl7.org/CodeSystem/v2-0203</td><td>Public Health Official ID</td><td><div><p>An identifier for a person working at a public health agency (PHA),  assigned or issued by the agency</p>\n</div></td></tr><tr><td style=\"white-space:nowrap\"><a name=\"x-http://terminology.hl7.org/CodeSystem/v2-0203-PI\"> </a>\u00a0\u00a0<a href=\"http://terminology.hl7.org/6.0.2/CodeSystem-v2-0203.html#v2-0203-PI\">PI</a></td><td>http://terminology.hl7.org/CodeSystem/v2-0203</td><td>Patient internal identifier</td><td><div><p>A number that is unique to a patient within an Assigning Authority.</p>\n</div></td></tr><tr><td style=\"white-space:nowrap\"><a name=\"x-http://terminology.hl7.org/CodeSystem/v2-0203-PIN\"> </a>\u00a0\u00a0<a href=\"http://terminology.hl7.org/6.0.2/CodeSystem-v2-0203.html#v2-0203-PIN\">PIN</a></td><td>http://terminology.hl7.org/CodeSystem/v2-0203</td><td>Premises Identifier Number (US Official)</td><td><div><p>Identifier that uniquely identifies a geographic location in the US.</p>\n</div></td></tr><tr><td style=\"white-space:nowrap\"><a name=\"x-http://terminology.hl7.org/CodeSystem/v2-0203-PLAC\"> </a>\u00a0\u00a0<a href=\"http://terminology.hl7.org/6.0.2/CodeSystem-v2-0203.html#v2-0203-PLAC\">PLAC</a></td><td>http://terminology.hl7.org/CodeSystem/v2-0203</td><td>Placer Identifier</td><td><div><p>An identifier for a request where the identifier is issued by the person or service making the request.</p>\n</div></td></tr><tr><td style=\"white-space:nowrap\"><a name=\"x-http://terminology.hl7.org/CodeSystem/v2-0203-PN\"> </a>\u00a0\u00a0<a href=\"http://terminology.hl7.org/6.0.2/CodeSystem-v2-0203.html#v2-0203-PN\">PN</a></td><td>http://terminology.hl7.org/CodeSystem/v2-0203</td><td>Person number</td><td><div><p>A number that is unique to a living subject within an Assigning Authority.</p>\n</div></td></tr><tr><td style=\"white-space:nowrap\"><a name=\"x-http://terminology.hl7.org/CodeSystem/v2-0203-PNT\"> </a>\u00a0\u00a0<a href=\"http://terminology.hl7.org/6.0.2/CodeSystem-v2-0203.html#v2-0203-PNT\">PNT</a></td><td>http://terminology.hl7.org/CodeSystem/v2-0203</td><td>Temporary Living Subject Number</td><td><div><p>Temporary version of a Living Subject Number.</p>\n</div></td></tr><tr><td style=\"white-space:nowrap\"><a name=\"x-http://terminology.hl7.org/CodeSystem/v2-0203-PPIN\"> </a>\u00a0\u00a0<a href=\"http://terminology.hl7.org/6.0.2/CodeSystem-v2-0203.html#v2-0203-PPIN\">PPIN</a></td><td>http://terminology.hl7.org/CodeSystem/v2-0203</td><td>Medicare/CMS Performing Provider Identification Number</td><td><div><p>Medicare/CMS Performing Provider Identification Number</p>\n</div></td></tr><tr><td style=\"white-space:nowrap\"><a name=\"x-http://terminology.hl7.org/CodeSystem/v2-0203-PPN\"> </a>\u00a0\u00a0<a href=\"http://terminology.hl7.org/6.0.2/CodeSystem-v2-0203.html#v2-0203-PPN\">PPN</a></td><td>http://terminology.hl7.org/CodeSystem/v2-0203</td><td>Passport number</td><td><div><p>A unique number assigned to the document affirming that a person is a citizen of the country.</p>\n</div></td></tr><tr><td style=\"white-space:nowrap\"><a name=\"x-http://terminology.hl7.org/CodeSystem/v2-0203-PRC\"> </a>\u00a0\u00a0<a href=\"http://terminology.hl7.org/6.0.2/CodeSystem-v2-0203.html#v2-0203-PRC\">PRC</a></td><td>http://terminology.hl7.org/CodeSystem/v2-0203</td><td>Permanent Resident Card Number</td><td><div><p>Permanent Resident Card Number</p>\n</div></td></tr><tr><td style=\"white-space:nowrap\"><a name=\"x-http://terminology.hl7.org/CodeSystem/v2-0203-PRN\"> </a>\u00a0\u00a0<a href=\"http://terminology.hl7.org/6.0.2/CodeSystem-v2-0203.html#v2-0203-PRN\">PRN</a></td><td>http://terminology.hl7.org/CodeSystem/v2-0203</td><td>Provider number</td><td><div><p>A number that is unique to an individual provider, a provider group or an organization within an Assigning Authority.</p>\n</div></td></tr><tr><td style=\"white-space:nowrap\"><a name=\"x-http://terminology.hl7.org/CodeSystem/v2-0203-PT\"> </a>\u00a0\u00a0<a href=\"http://terminology.hl7.org/6.0.2/CodeSystem-v2-0203.html#v2-0203-PT\">PT</a></td><td>http://terminology.hl7.org/CodeSystem/v2-0203</td><td>Patient external identifier</td><td><div><p>Patient external identifier</p>\n</div></td></tr><tr><td style=\"white-space:nowrap\"><a name=\"x-http://terminology.hl7.org/CodeSystem/v2-0203-QA\"> </a>\u00a0\u00a0<a href=\"http://terminology.hl7.org/6.0.2/CodeSystem-v2-0203.html#v2-0203-QA\">QA</a></td><td>http://terminology.hl7.org/CodeSystem/v2-0203</td><td>QA number</td><td><div><p>QA number</p>\n</div></td></tr><tr><td style=\"white-space:nowrap\"><a name=\"x-http://terminology.hl7.org/CodeSystem/v2-0203-RI\"> </a>\u00a0\u00a0<a href=\"http://terminology.hl7.org/6.0.2/CodeSystem-v2-0203.html#v2-0203-RI\">RI</a></td><td>http://terminology.hl7.org/CodeSystem/v2-0203</td><td>Resource identifier</td><td><div><p>A generalized resource identifier.</p>\n</div></td></tr><tr><td style=\"white-space:nowrap\"><a name=\"x-http://terminology.hl7.org/CodeSystem/v2-0203-RN\"> </a>\u00a0\u00a0<a href=\"http://terminology.hl7.org/6.0.2/CodeSystem-v2-0203.html#v2-0203-RN\">RN</a></td><td>http://terminology.hl7.org/CodeSystem/v2-0203</td><td>Registered Nurse Number</td><td><div><p>An identifier that is unique to a registered nurse within the jurisdiction of the licensing board.</p>\n</div></td></tr><tr><td style=\"white-space:nowrap\"><a name=\"x-http://terminology.hl7.org/CodeSystem/v2-0203-RPH\"> </a>\u00a0\u00a0<a href=\"http://terminology.hl7.org/6.0.2/CodeSystem-v2-0203.html#v2-0203-RPH\">RPH</a></td><td>http://terminology.hl7.org/CodeSystem/v2-0203</td><td>Pharmacist license number</td><td><div><p>An identifier that is unique to a pharmacist within the jurisdiction of the licensing board.</p>\n</div></td></tr><tr><td style=\"white-space:nowrap\"><a name=\"x-http://terminology.hl7.org/CodeSystem/v2-0203-RR\"> </a>\u00a0\u00a0<a href=\"http://terminology.hl7.org/6.0.2/CodeSystem-v2-0203.html#v2-0203-RR\">RR</a></td><td>http://terminology.hl7.org/CodeSystem/v2-0203</td><td>Railroad Retirement number</td><td><div><p>An identifier for an individual enrolled with the Railroad Retirement Administration.  Analogous to, but distinct from, a Social Security Number</p>\n</div></td></tr><tr><td style=\"white-space:nowrap\"><a name=\"x-http://terminology.hl7.org/CodeSystem/v2-0203-RRI\"> </a>\u00a0\u00a0<a href=\"http://terminology.hl7.org/6.0.2/CodeSystem-v2-0203.html#v2-0203-RRI\">RRI</a></td><td>http://terminology.hl7.org/CodeSystem/v2-0203</td><td>Regional registry ID</td><td><div><p>Regional registry ID</p>\n</div></td></tr><tr><td style=\"white-space:nowrap\"><a name=\"x-http://terminology.hl7.org/CodeSystem/v2-0203-RRP\"> </a>\u00a0\u00a0<a href=\"http://terminology.hl7.org/6.0.2/CodeSystem-v2-0203.html#v2-0203-RRP\">RRP</a></td><td>http://terminology.hl7.org/CodeSystem/v2-0203</td><td>Railroad Retirement Provider</td><td><div><p>Railroad Retirement Provider</p>\n</div></td></tr><tr><td style=\"white-space:nowrap\"><a name=\"x-http://terminology.hl7.org/CodeSystem/v2-0203-SAMN\"> </a>\u00a0\u00a0<a href=\"http://terminology.hl7.org/6.0.2/CodeSystem-v2-0203.html#v2-0203-SAMN\">SAMN</a></td><td>http://terminology.hl7.org/CodeSystem/v2-0203</td><td>SAMN# accession Number</td><td><div><p>The accession number for the BioSample data repository at the National Center for Biotechnology Information (NCBI)</p>\n</div></td></tr><tr><td style=\"white-space:nowrap\"><a name=\"x-http://terminology.hl7.org/CodeSystem/v2-0203-SB\"> </a>\u00a0\u00a0<a href=\"http://terminology.hl7.org/6.0.2/CodeSystem-v2-0203.html#v2-0203-SB\">SB</a></td><td>http://terminology.hl7.org/CodeSystem/v2-0203</td><td>Social Beneficiary Identifier</td><td><div><p>An identifier issued by a governmental organization to a person to identify the person should they apply for or receive social services and/or benefits</p>\n</div></td></tr><tr><td style=\"white-space:nowrap\"><a name=\"x-http://terminology.hl7.org/CodeSystem/v2-0203-SID\"> </a>\u00a0\u00a0<a href=\"http://terminology.hl7.org/6.0.2/CodeSystem-v2-0203.html#v2-0203-SID\">SID</a></td><td>http://terminology.hl7.org/CodeSystem/v2-0203</td><td>Specimen ID</td><td><div><p>Identifier for a specimen.</p>\n</div></td></tr><tr><td style=\"white-space:nowrap\"><a name=\"x-http://terminology.hl7.org/CodeSystem/v2-0203-SL\"> </a>\u00a0\u00a0<a href=\"http://terminology.hl7.org/6.0.2/CodeSystem-v2-0203.html#v2-0203-SL\">SL</a></td><td>http://terminology.hl7.org/CodeSystem/v2-0203</td><td>State license</td><td><div><p>State license</p>\n</div></td></tr><tr><td style=\"white-space:nowrap\"><a name=\"x-http://terminology.hl7.org/CodeSystem/v2-0203-SN\"> </a>\u00a0\u00a0<a href=\"http://terminology.hl7.org/6.0.2/CodeSystem-v2-0203.html#v2-0203-SN\">SN</a></td><td>http://terminology.hl7.org/CodeSystem/v2-0203</td><td>Subscriber Number</td><td><div><p>An identifier for a subscriber of an insurance policy which is unique for, and usually assigned by, the insurance carrier.</p>\n</div></td></tr><tr><td style=\"white-space:nowrap\"><a name=\"x-http://terminology.hl7.org/CodeSystem/v2-0203-SNBSN\"> </a>\u00a0\u00a0<a href=\"http://terminology.hl7.org/6.0.2/CodeSystem-v2-0203.html#v2-0203-SNBSN\">SNBSN</a></td><td>http://terminology.hl7.org/CodeSystem/v2-0203</td><td>State assigned NDBS card Identifier</td><td><div><p>The identifier on a Newborn Screening Dried Bloodspot (NDBS) card that is assigned by the state which provided the sample collection cards and to whom this information must be reported</p>\n</div></td></tr><tr><td style=\"white-space:nowrap\"><a name=\"x-http://terminology.hl7.org/CodeSystem/v2-0203-SNO\"> </a>\u00a0\u00a0<a href=\"http://terminology.hl7.org/6.0.2/CodeSystem-v2-0203.html#v2-0203-SNO\">SNO</a></td><td>http://terminology.hl7.org/CodeSystem/v2-0203</td><td>Serial Number</td><td><div><p>An identifier affixed to an item by the manufacturer when it is first made, where each item has a different identifier.</p>\n</div></td></tr><tr><td style=\"white-space:nowrap\"><a name=\"x-http://terminology.hl7.org/CodeSystem/v2-0203-SP\"> </a>\u00a0\u00a0<a href=\"http://terminology.hl7.org/6.0.2/CodeSystem-v2-0203.html#v2-0203-SP\">SP</a></td><td>http://terminology.hl7.org/CodeSystem/v2-0203</td><td>Study Permit</td><td><div><p>A number associated with a permit identifying a person who is a resident of a jurisdiction for the purpose of education.</p>\n</div></td></tr><tr><td style=\"white-space:nowrap\"><a name=\"x-http://terminology.hl7.org/CodeSystem/v2-0203-SR\"> </a>\u00a0\u00a0<a href=\"http://terminology.hl7.org/6.0.2/CodeSystem-v2-0203.html#v2-0203-SR\">SR</a></td><td>http://terminology.hl7.org/CodeSystem/v2-0203</td><td>State registry ID</td><td><div><p>State registry ID</p>\n</div></td></tr><tr><td style=\"white-space:nowrap\"><a name=\"x-http://terminology.hl7.org/CodeSystem/v2-0203-SRX\"> </a>\u00a0\u00a0<a href=\"http://terminology.hl7.org/6.0.2/CodeSystem-v2-0203.html#v2-0203-SRX\">SRX</a></td><td>http://terminology.hl7.org/CodeSystem/v2-0203</td><td>SRA Accession number</td><td><div><p>The accession number generated by the Sequence Read Archive (SRA) at the National Center for Biotechnology Information (NCBI) when sequence data are uploaded to NCBI.</p>\n</div></td></tr><tr><td style=\"white-space:nowrap\"><a name=\"x-http://terminology.hl7.org/CodeSystem/v2-0203-SS\"> </a>\u00a0\u00a0<a href=\"http://terminology.hl7.org/6.0.2/CodeSystem-v2-0203.html#v2-0203-SS\">SS</a></td><td>http://terminology.hl7.org/CodeSystem/v2-0203</td><td>Social Security number</td><td><div><p>Social Security number</p>\n</div></td></tr><tr><td style=\"white-space:nowrap\"><a name=\"x-http://terminology.hl7.org/CodeSystem/v2-0203-STN\"> </a>\u00a0\u00a0<a href=\"http://terminology.hl7.org/6.0.2/CodeSystem-v2-0203.html#v2-0203-STN\">STN</a></td><td>http://terminology.hl7.org/CodeSystem/v2-0203</td><td>Shipment Tracking Number</td><td><div><p>Identifier assigned to a package being shipped</p>\n</div></td></tr><tr><td style=\"white-space:nowrap\"><a name=\"x-http://terminology.hl7.org/CodeSystem/v2-0203-TAX\"> </a>\u00a0\u00a0<a href=\"http://terminology.hl7.org/6.0.2/CodeSystem-v2-0203.html#v2-0203-TAX\">TAX</a></td><td>http://terminology.hl7.org/CodeSystem/v2-0203</td><td>Tax ID number</td><td><div><p>Tax ID number</p>\n</div></td></tr><tr><td style=\"white-space:nowrap\"><a name=\"x-http://terminology.hl7.org/CodeSystem/v2-0203-TN\"> </a>\u00a0\u00a0<a href=\"http://terminology.hl7.org/6.0.2/CodeSystem-v2-0203.html#v2-0203-TN\">TN</a></td><td>http://terminology.hl7.org/CodeSystem/v2-0203</td><td>Treaty Number/ (Canada)</td><td><div><p>A number assigned to a member of an indigenous group in Canada.</p>\n</div></td></tr><tr><td style=\"white-space:nowrap\"><a name=\"x-http://terminology.hl7.org/CodeSystem/v2-0203-TPR\"> </a>\u00a0\u00a0<a href=\"http://terminology.hl7.org/6.0.2/CodeSystem-v2-0203.html#v2-0203-TPR\">TPR</a></td><td>http://terminology.hl7.org/CodeSystem/v2-0203</td><td>Temporary Permanent Resident (Canada)</td><td><div><p>A number associated with a document identifying a person's temporary permanent resident status.</p>\n</div></td></tr><tr><td style=\"white-space:nowrap\"><a name=\"x-http://terminology.hl7.org/CodeSystem/v2-0203-TRL\"> </a>\u00a0\u00a0<a href=\"http://terminology.hl7.org/6.0.2/CodeSystem-v2-0203.html#v2-0203-TRL\">TRL</a></td><td>http://terminology.hl7.org/CodeSystem/v2-0203</td><td>Training License Number</td><td><div><p>The license number used during training.</p>\n</div></td></tr><tr><td style=\"white-space:nowrap\"><a name=\"x-http://terminology.hl7.org/CodeSystem/v2-0203-U\"> </a>\u00a0\u00a0<a href=\"http://terminology.hl7.org/6.0.2/CodeSystem-v2-0203.html#v2-0203-U\">U</a></td><td>http://terminology.hl7.org/CodeSystem/v2-0203</td><td>Unspecified identifier</td><td><div><p>Unspecified identifier</p>\n</div></td></tr><tr><td style=\"white-space:nowrap\"><a name=\"x-http://terminology.hl7.org/CodeSystem/v2-0203-UDI\"> </a>\u00a0\u00a0<a href=\"http://terminology.hl7.org/6.0.2/CodeSystem-v2-0203.html#v2-0203-UDI\">UDI</a></td><td>http://terminology.hl7.org/CodeSystem/v2-0203</td><td>Universal Device Identifier</td><td><div><p>An identifier assigned to a device using the Unique Device Identification framework as defined by IMDRF (http://imdrf.org).</p>\n</div></td></tr><tr><td style=\"white-space:nowrap\"><a name=\"x-http://terminology.hl7.org/CodeSystem/v2-0203-UPIN\"> </a>\u00a0\u00a0<a href=\"http://terminology.hl7.org/6.0.2/CodeSystem-v2-0203.html#v2-0203-UPIN\">UPIN</a></td><td>http://terminology.hl7.org/CodeSystem/v2-0203</td><td>Medicare/CMS (formerly HCFA)'s Universal Physician Identification numbers</td><td><div><p>An identifier for a provider within the CMS/Medicare program.  A globally unique identifier for the provider in the Medicare program.</p>\n</div></td></tr><tr><td style=\"white-space:nowrap\"><a name=\"x-http://terminology.hl7.org/CodeSystem/v2-0203-USID\"> </a>\u00a0\u00a0<a href=\"http://terminology.hl7.org/6.0.2/CodeSystem-v2-0203.html#v2-0203-USID\">USID</a></td><td>http://terminology.hl7.org/CodeSystem/v2-0203</td><td>Unique Specimen ID</td><td><div><p>A unique identifier for a specimen.</p>\n</div></td></tr><tr><td style=\"white-space:nowrap\"><a name=\"x-http://terminology.hl7.org/CodeSystem/v2-0203-VN\"> </a>\u00a0\u00a0<a href=\"http://terminology.hl7.org/6.0.2/CodeSystem-v2-0203.html#v2-0203-VN\">VN</a></td><td>http://terminology.hl7.org/CodeSystem/v2-0203</td><td>Visit number</td><td><div><p>Visit number</p>\n</div></td></tr><tr><td style=\"white-space:nowrap\"><a name=\"x-http://terminology.hl7.org/CodeSystem/v2-0203-VP\"> </a>\u00a0\u00a0<a href=\"http://terminology.hl7.org/6.0.2/CodeSystem-v2-0203.html#v2-0203-VP\">VP</a></td><td>http://terminology.hl7.org/CodeSystem/v2-0203</td><td>Visitor Permit</td><td><div><p>A number associated with a document identifying a person as a visitor of a jurisdiction or country.</p>\n</div></td></tr><tr><td style=\"white-space:nowrap\"><a name=\"x-http://terminology.hl7.org/CodeSystem/v2-0203-VS\"> </a>\u00a0\u00a0<a href=\"http://terminology.hl7.org/6.0.2/CodeSystem-v2-0203.html#v2-0203-VS\">VS</a></td><td>http://terminology.hl7.org/CodeSystem/v2-0203</td><td>VISA</td><td><div><p>VISA</p>\n</div></td></tr><tr><td style=\"white-space:nowrap\"><a name=\"x-http://terminology.hl7.org/CodeSystem/v2-0203-WC\"> </a>\u00a0\u00a0<a href=\"http://terminology.hl7.org/6.0.2/CodeSystem-v2-0203.html#v2-0203-WC\">WC</a></td><td>http://terminology.hl7.org/CodeSystem/v2-0203</td><td>WIC identifier</td><td><div><p>WIC identifier</p>\n</div></td></tr><tr><td style=\"white-space:nowrap\"><a name=\"x-http://terminology.hl7.org/CodeSystem/v2-0203-WCN\"> </a>\u00a0\u00a0<a href=\"http://terminology.hl7.org/6.0.2/CodeSystem-v2-0203.html#v2-0203-WCN\">WCN</a></td><td>http://terminology.hl7.org/CodeSystem/v2-0203</td><td>Workers' Comp Number</td><td><div><p>Workers' Comp Number</p>\n</div></td></tr><tr><td style=\"white-space:nowrap\"><a name=\"x-http://terminology.hl7.org/CodeSystem/v2-0203-WP\"> </a>\u00a0\u00a0<a href=\"http://terminology.hl7.org/6.0.2/CodeSystem-v2-0203.html#v2-0203-WP\">WP</a></td><td>http://terminology.hl7.org/CodeSystem/v2-0203</td><td>Work Permit</td><td><div><p>A number associated with a permit for a person who is granted permission to work in a country for a specified time period.</p>\n</div></td></tr><tr><td style=\"white-space:nowrap\"><a name=\"x-http://terminology.hl7.org/CodeSystem/v2-0203-XV\"> </a>\u00a0\u00a0<a href=\"http://terminology.hl7.org/6.0.2/CodeSystem-v2-0203.html#v2-0203-XV\">XV</a></td><td>http://terminology.hl7.org/CodeSystem/v2-0203</td><td>Health Plan Identifier</td><td><div><p>National unique health plan identifier required by the US Department of Health and Human Services, Centers for Medicare and Medicaid Services (CMS) in the US Realm.</p>\n</div></td></tr><tr><td style=\"white-space:nowrap\"><a name=\"x-http://terminology.hl7.org/CodeSystem/v2-0203-XX\"> </a>\u00a0\u00a0<a href=\"http://terminology.hl7.org/6.0.2/CodeSystem-v2-0203.html#v2-0203-XX\">XX</a></td><td>http://terminology.hl7.org/CodeSystem/v2-0203</td><td>Organization identifier</td><td><div><p>Organization identifier</p>\n</div></td></tr><tr><td style=\"white-space:nowrap\"><a name=\"x-https://sm-ig.gihub.io/CodeSystem/v2-0203-GOI\"> </a>\u00a0\u00a0<a href=\"CodeSystem-v2-0203.html#v2-0203-GOI\">GOI</a></td><td>https://sm-ig.gihub.io/CodeSystem/v2-0203</td><td>Government Organization Identifier</td><td><div><p>Government Organization Identifier number</p>\n</div></td></tr><tr><td style=\"white-space:nowrap\"><a name=\"x-https://sm-ig.gihub.io/CodeSystem/v2-0203-UBN\"> </a>\u00a0\u00a0<a href=\"CodeSystem-v2-0203.html#v2-0203-UBN\">UBN</a></td><td>https://sm-ig.gihub.io/CodeSystem/v2-0203</td><td>Unified Business number</td><td><div><p>Unified Business number</p>\n</div></td></tr></table></div>"
      },
      "url" : "https://sm-ig.gihub.io/ValueSet/identifier-type",
      "version" : "1.0.0",
      "name" : "IdentifierType",
      "title" : "IdentifierType - 识别码类型值集",
      "status" : "active",
      "date" : "2024-10-17",
      "expansion" : {
        "identifier" : "urn:uuid:38bb3771-b053-415e-88de-ec65d3922b54",
        "timestamp" : "2024-10-17T16:07:10+00:00",
        "total" : 140,
        "offset" : 0,
        "parameter" : [{
          "name" : "count",
          "valueInteger" : 1000
        },
        {
          "name" : "offset",
          "valueInteger" : 0
        },
        {
          "name" : "excludeNested",
          "valueBoolean" : false
        },
        {
          "name" : "used-codesystem",
          "valueUri" : "http://terminology.hl7.org/CodeSystem/v2-0203|4.0.0"
        },
        {
          "name" : "used-codesystem",
          "valueUri" : "https://sm-ig.gihub.io/CodeSystem/v2-0203|1.0.0"
        }],
        "contains" : [{
          "system" : "http://terminology.hl7.org/CodeSystem/v2-0203",
          "code" : "AC",
          "display" : "Accreditation/Certification Identifier"
        },
        {
          "system" : "http://terminology.hl7.org/CodeSystem/v2-0203",
          "code" : "ACSN",
          "display" : "Accession ID"
        },
        {
          "system" : "http://terminology.hl7.org/CodeSystem/v2-0203",
          "code" : "AIN",
          "display" : "Animal Identification Number (US Official)"
        },
        {
          "system" : "http://terminology.hl7.org/CodeSystem/v2-0203",
          "code" : "AM",
          "display" : "American Express"
        },
        {
          "system" : "http://terminology.hl7.org/CodeSystem/v2-0203",
          "code" : "AMA",
          "display" : "American Medical Association Number"
        },
        {
          "system" : "http://terminology.hl7.org/CodeSystem/v2-0203",
          "code" : "AN",
          "display" : "Account number"
        },
        {
          "system" : "http://terminology.hl7.org/CodeSystem/v2-0203",
          "code" : "ANC",
          "display" : "Account number Creditor"
        },
        {
          "system" : "http://terminology.hl7.org/CodeSystem/v2-0203",
          "code" : "AND",
          "display" : "Account number debitor"
        },
        {
          "system" : "http://terminology.hl7.org/CodeSystem/v2-0203",
          "code" : "ANON",
          "display" : "Anonymous identifier"
        },
        {
          "system" : "http://terminology.hl7.org/CodeSystem/v2-0203",
          "code" : "ANT",
          "display" : "Temporary Account Number"
        },
        {
          "system" : "http://terminology.hl7.org/CodeSystem/v2-0203",
          "code" : "APRN",
          "display" : "Advanced Practice Registered Nurse number"
        },
        {
          "system" : "http://terminology.hl7.org/CodeSystem/v2-0203",
          "code" : "ASID",
          "display" : "Ancestor Specimen ID"
        },
        {
          "system" : "http://terminology.hl7.org/CodeSystem/v2-0203",
          "code" : "BA",
          "display" : "Bank Account Number"
        },
        {
          "system" : "http://terminology.hl7.org/CodeSystem/v2-0203",
          "code" : "BC",
          "display" : "Bank Card Number"
        },
        {
          "system" : "http://terminology.hl7.org/CodeSystem/v2-0203",
          "code" : "BCFN",
          "display" : "Birth Certificate File Number"
        },
        {
          "system" : "http://terminology.hl7.org/CodeSystem/v2-0203",
          "code" : "BCT",
          "display" : "Birth Certificate"
        },
        {
          "system" : "http://terminology.hl7.org/CodeSystem/v2-0203",
          "code" : "BR",
          "display" : "Birth registry number"
        },
        {
          "system" : "http://terminology.hl7.org/CodeSystem/v2-0203",
          "code" : "BRN",
          "display" : "Breed Registry Number"
        },
        {
          "system" : "http://terminology.hl7.org/CodeSystem/v2-0203",
          "code" : "BSNR",
          "display" : "Primary physician office number"
        },
        {
          "system" : "http://terminology.hl7.org/CodeSystem/v2-0203",
          "code" : "CAAI",
          "display" : "Consumer Application Account Identifier"
        },
        {
          "system" : "http://terminology.hl7.org/CodeSystem/v2-0203",
          "code" : "CC",
          "display" : "Cost Center number"
        },
        {
          "system" : "http://terminology.hl7.org/CodeSystem/v2-0203",
          "code" : "CONM",
          "display" : "Change of Name Document"
        },
        {
          "system" : "http://terminology.hl7.org/CodeSystem/v2-0203",
          "code" : "CY",
          "display" : "County number"
        },
        {
          "system" : "http://terminology.hl7.org/CodeSystem/v2-0203",
          "code" : "CZ",
          "display" : "Citizenship Card"
        },
        {
          "system" : "http://terminology.hl7.org/CodeSystem/v2-0203",
          "code" : "DC",
          "display" : "Death Certificate ID"
        },
        {
          "system" : "http://terminology.hl7.org/CodeSystem/v2-0203",
          "code" : "DCFN",
          "display" : "Death Certificate File Number"
        },
        {
          "system" : "http://terminology.hl7.org/CodeSystem/v2-0203",
          "code" : "DDS",
          "display" : "Dentist license number"
        },
        {
          "system" : "http://terminology.hl7.org/CodeSystem/v2-0203",
          "code" : "DEA",
          "display" : "Drug Enforcement Administration registration number"
        },
        {
          "system" : "http://terminology.hl7.org/CodeSystem/v2-0203",
          "code" : "DFN",
          "display" : "Drug Furnishing or prescriptive authority Number"
        },
        {
          "system" : "http://terminology.hl7.org/CodeSystem/v2-0203",
          "code" : "DI",
          "display" : "Diner's Club card"
        },
        {
          "system" : "http://terminology.hl7.org/CodeSystem/v2-0203",
          "code" : "DL",
          "display" : "Driver's license number"
        },
        {
          "system" : "http://terminology.hl7.org/CodeSystem/v2-0203",
          "code" : "DN",
          "display" : "Doctor number"
        },
        {
          "system" : "http://terminology.hl7.org/CodeSystem/v2-0203",
          "code" : "DO",
          "display" : "Osteopathic License number"
        },
        {
          "system" : "http://terminology.hl7.org/CodeSystem/v2-0203",
          "code" : "DP",
          "display" : "Diplomatic Passport"
        },
        {
          "system" : "http://terminology.hl7.org/CodeSystem/v2-0203",
          "code" : "DPM",
          "display" : "Podiatrist license number"
        },
        {
          "system" : "http://terminology.hl7.org/CodeSystem/v2-0203",
          "code" : "DR",
          "display" : "Donor Registration Number"
        },
        {
          "system" : "http://terminology.hl7.org/CodeSystem/v2-0203",
          "code" : "DS",
          "display" : "Discover Card"
        },
        {
          "system" : "http://terminology.hl7.org/CodeSystem/v2-0203",
          "code" : "DSG",
          "display" : "Diagnostic Study Group"
        },
        {
          "system" : "http://terminology.hl7.org/CodeSystem/v2-0203",
          "code" : "EI",
          "display" : "Employee number"
        },
        {
          "system" : "http://terminology.hl7.org/CodeSystem/v2-0203",
          "code" : "EN",
          "display" : "Employer number"
        },
        {
          "system" : "http://terminology.hl7.org/CodeSystem/v2-0203",
          "code" : "ESN",
          "display" : "Staff Enterprise Number"
        },
        {
          "system" : "http://terminology.hl7.org/CodeSystem/v2-0203",
          "code" : "FDR",
          "display" : "Fetal Death Report ID"
        },
        {
          "system" : "http://terminology.hl7.org/CodeSystem/v2-0203",
          "code" : "FDRFN",
          "display" : "Fetal Death Report File Number"
        },
        {
          "system" : "http://terminology.hl7.org/CodeSystem/v2-0203",
          "code" : "FGN",
          "display" : "Filler Group Number"
        },
        {
          "system" : "http://terminology.hl7.org/CodeSystem/v2-0203",
          "code" : "FI",
          "display" : "Facility ID"
        },
        {
          "system" : "http://terminology.hl7.org/CodeSystem/v2-0203",
          "code" : "FILL",
          "display" : "Filler Identifier"
        },
        {
          "system" : "http://terminology.hl7.org/CodeSystem/v2-0203",
          "code" : "GI",
          "display" : "Guarantor internal identifier"
        },
        {
          "system" : "http://terminology.hl7.org/CodeSystem/v2-0203",
          "code" : "GIN",
          "display" : "Animal Group Identifier (US Official)"
        },
        {
          "system" : "http://terminology.hl7.org/CodeSystem/v2-0203",
          "code" : "GL",
          "display" : "General ledger number"
        },
        {
          "system" : "http://terminology.hl7.org/CodeSystem/v2-0203",
          "code" : "GN",
          "display" : "Guarantor external  identifier"
        },
        {
          "system" : "http://terminology.hl7.org/CodeSystem/v2-0203",
          "code" : "HC",
          "display" : "Health Card Number"
        },
        {
          "system" : "http://terminology.hl7.org/CodeSystem/v2-0203",
          "code" : "IND",
          "display" : "Indigenous/Aboriginal"
        },
        {
          "system" : "http://terminology.hl7.org/CodeSystem/v2-0203",
          "code" : "IRISTEM",
          "display" : "An IRI stem"
        },
        {
          "system" : "http://terminology.hl7.org/CodeSystem/v2-0203",
          "code" : "JHN",
          "display" : "Jurisdictional health number"
        },
        {
          "system" : "http://terminology.hl7.org/CodeSystem/v2-0203",
          "code" : "LACSN",
          "display" : "Laboratory Accession ID"
        },
        {
          "system" : "http://terminology.hl7.org/CodeSystem/v2-0203",
          "code" : "LANR",
          "display" : "Lifelong physician number"
        },
        {
          "system" : "http://terminology.hl7.org/CodeSystem/v2-0203",
          "code" : "LI",
          "display" : "Labor and industries number"
        },
        {
          "system" : "http://terminology.hl7.org/CodeSystem/v2-0203",
          "code" : "L&I",
          "display" : "Labor and industries number"
        },
        {
          "system" : "http://terminology.hl7.org/CodeSystem/v2-0203",
          "code" : "LN",
          "display" : "License number"
        },
        {
          "system" : "http://terminology.hl7.org/CodeSystem/v2-0203",
          "code" : "LR",
          "display" : "Local Registry ID"
        },
        {
          "system" : "http://terminology.hl7.org/CodeSystem/v2-0203",
          "code" : "MA",
          "display" : "Patient Medicaid number"
        },
        {
          "system" : "http://terminology.hl7.org/CodeSystem/v2-0203",
          "code" : "MB",
          "display" : "Member Number"
        },
        {
          "system" : "http://terminology.hl7.org/CodeSystem/v2-0203",
          "code" : "MC",
          "display" : "Patient's Medicare number"
        },
        {
          "system" : "http://terminology.hl7.org/CodeSystem/v2-0203",
          "code" : "MCD",
          "display" : "Practitioner Medicaid number"
        },
        {
          "system" : "http://terminology.hl7.org/CodeSystem/v2-0203",
          "code" : "MCN",
          "display" : "Microchip Number"
        },
        {
          "system" : "http://terminology.hl7.org/CodeSystem/v2-0203",
          "code" : "MCR",
          "display" : "Practitioner Medicare number"
        },
        {
          "system" : "http://terminology.hl7.org/CodeSystem/v2-0203",
          "code" : "MCT",
          "display" : "Marriage Certificate"
        },
        {
          "system" : "http://terminology.hl7.org/CodeSystem/v2-0203",
          "code" : "MD",
          "display" : "Medical License number"
        },
        {
          "system" : "http://terminology.hl7.org/CodeSystem/v2-0203",
          "code" : "MI",
          "display" : "Military ID number"
        },
        {
          "system" : "http://terminology.hl7.org/CodeSystem/v2-0203",
          "code" : "MR",
          "display" : "Medical record number"
        },
        {
          "system" : "http://terminology.hl7.org/CodeSystem/v2-0203",
          "code" : "MRT",
          "display" : "Temporary Medical Record Number"
        },
        {
          "system" : "http://terminology.hl7.org/CodeSystem/v2-0203",
          "code" : "MS",
          "display" : "MasterCard"
        },
        {
          "system" : "http://terminology.hl7.org/CodeSystem/v2-0203",
          "code" : "NBSNR",
          "display" : "Secondary physician office number"
        },
        {
          "system" : "http://terminology.hl7.org/CodeSystem/v2-0203",
          "code" : "NCT",
          "display" : "Naturalization Certificate"
        },
        {
          "system" : "http://terminology.hl7.org/CodeSystem/v2-0203",
          "code" : "NE",
          "display" : "National employer identifier"
        },
        {
          "system" : "http://terminology.hl7.org/CodeSystem/v2-0203",
          "code" : "NH",
          "display" : "National Health Plan Identifier"
        },
        {
          "system" : "http://terminology.hl7.org/CodeSystem/v2-0203",
          "code" : "NI",
          "display" : "National unique individual identifier"
        },
        {
          "system" : "http://terminology.hl7.org/CodeSystem/v2-0203",
          "code" : "NII",
          "display" : "National Insurance Organization Identifier"
        },
        {
          "system" : "http://terminology.hl7.org/CodeSystem/v2-0203",
          "code" : "NIIP",
          "display" : "National Insurance Payor Identifier (Payor)"
        },
        {
          "system" : "http://terminology.hl7.org/CodeSystem/v2-0203",
          "code" : "NNxxx",
          "display" : "National Person Identifier where the xxx is the ISO table 3166 3-character (alphabetic) country code"
        },
        {
          "system" : "http://terminology.hl7.org/CodeSystem/v2-0203",
          "code" : "NP",
          "display" : "Nurse practitioner number"
        },
        {
          "system" : "http://terminology.hl7.org/CodeSystem/v2-0203",
          "code" : "NPI",
          "display" : "National provider identifier"
        },
        {
          "system" : "http://terminology.hl7.org/CodeSystem/v2-0203",
          "code" : "OBI",
          "display" : "Observation Instance Identifier"
        },
        {
          "system" : "http://terminology.hl7.org/CodeSystem/v2-0203",
          "code" : "OD",
          "display" : "Optometrist license number"
        },
        {
          "system" : "http://terminology.hl7.org/CodeSystem/v2-0203",
          "code" : "PA",
          "display" : "Physician Assistant number"
        },
        {
          "system" : "http://terminology.hl7.org/CodeSystem/v2-0203",
          "code" : "PC",
          "display" : "Parole Card"
        },
        {
          "system" : "http://terminology.hl7.org/CodeSystem/v2-0203",
          "code" : "PCN",
          "display" : "Penitentiary/correctional institution Number"
        },
        {
          "system" : "http://terminology.hl7.org/CodeSystem/v2-0203",
          "code" : "PE",
          "display" : "Living Subject Enterprise Number"
        },
        {
          "system" : "http://terminology.hl7.org/CodeSystem/v2-0203",
          "code" : "PEN",
          "display" : "Pension Number"
        },
        {
          "system" : "http://terminology.hl7.org/CodeSystem/v2-0203",
          "code" : "PGN",
          "display" : "Placer Group Number"
        },
        {
          "system" : "http://terminology.hl7.org/CodeSystem/v2-0203",
          "code" : "PHC",
          "display" : "Public Health Case Identifier"
        },
        {
          "system" : "http://terminology.hl7.org/CodeSystem/v2-0203",
          "code" : "PHE",
          "display" : "Public Health Event Identifier"
        },
        {
          "system" : "http://terminology.hl7.org/CodeSystem/v2-0203",
          "code" : "PHO",
          "display" : "Public Health Official ID"
        },
        {
          "system" : "http://terminology.hl7.org/CodeSystem/v2-0203",
          "code" : "PI",
          "display" : "Patient internal identifier"
        },
        {
          "system" : "http://terminology.hl7.org/CodeSystem/v2-0203",
          "code" : "PIN",
          "display" : "Premises Identifier Number (US Official)"
        },
        {
          "system" : "http://terminology.hl7.org/CodeSystem/v2-0203",
          "code" : "PLAC",
          "display" : "Placer Identifier"
        },
        {
          "system" : "http://terminology.hl7.org/CodeSystem/v2-0203",
          "code" : "PN",
          "display" : "Person number"
        },
        {
          "system" : "http://terminology.hl7.org/CodeSystem/v2-0203",
          "code" : "PNT",
          "display" : "Temporary Living Subject Number"
        },
        {
          "system" : "http://terminology.hl7.org/CodeSystem/v2-0203",
          "code" : "PPIN",
          "display" : "Medicare/CMS Performing Provider Identification Number"
        },
        {
          "system" : "http://terminology.hl7.org/CodeSystem/v2-0203",
          "code" : "PPN",
          "display" : "Passport number"
        },
        {
          "system" : "http://terminology.hl7.org/CodeSystem/v2-0203",
          "code" : "PRC",
          "display" : "Permanent Resident Card Number"
        },
        {
          "system" : "http://terminology.hl7.org/CodeSystem/v2-0203",
          "code" : "PRN",
          "display" : "Provider number"
        },
        {
          "system" : "http://terminology.hl7.org/CodeSystem/v2-0203",
          "code" : "PT",
          "display" : "Patient external identifier"
        },
        {
          "system" : "http://terminology.hl7.org/CodeSystem/v2-0203",
          "code" : "QA",
          "display" : "QA number"
        },
        {
          "system" : "http://terminology.hl7.org/CodeSystem/v2-0203",
          "code" : "RI",
          "display" : "Resource identifier"
        },
        {
          "system" : "http://terminology.hl7.org/CodeSystem/v2-0203",
          "code" : "RN",
          "display" : "Registered Nurse Number"
        },
        {
          "system" : "http://terminology.hl7.org/CodeSystem/v2-0203",
          "code" : "RPH",
          "display" : "Pharmacist license number"
        },
        {
          "system" : "http://terminology.hl7.org/CodeSystem/v2-0203",
          "code" : "RR",
          "display" : "Railroad Retirement number"
        },
        {
          "system" : "http://terminology.hl7.org/CodeSystem/v2-0203",
          "code" : "RRI",
          "display" : "Regional registry ID"
        },
        {
          "system" : "http://terminology.hl7.org/CodeSystem/v2-0203",
          "code" : "RRP",
          "display" : "Railroad Retirement Provider"
        },
        {
          "system" : "http://terminology.hl7.org/CodeSystem/v2-0203",
          "code" : "SAMN",
          "display" : "SAMN# accession Number"
        },
        {
          "system" : "http://terminology.hl7.org/CodeSystem/v2-0203",
          "code" : "SB",
          "display" : "Social Beneficiary Identifier"
        },
        {
          "system" : "http://terminology.hl7.org/CodeSystem/v2-0203",
          "code" : "SID",
          "display" : "Specimen ID"
        },
        {
          "system" : "http://terminology.hl7.org/CodeSystem/v2-0203",
          "code" : "SL",
          "display" : "State license"
        },
        {
          "system" : "http://terminology.hl7.org/CodeSystem/v2-0203",
          "code" : "SN",
          "display" : "Subscriber Number"
        },
        {
          "system" : "http://terminology.hl7.org/CodeSystem/v2-0203",
          "code" : "SNBSN",
          "display" : "State assigned NDBS card Identifier"
        },
        {
          "system" : "http://terminology.hl7.org/CodeSystem/v2-0203",
          "code" : "SNO",
          "display" : "Serial Number"
        },
        {
          "system" : "http://terminology.hl7.org/CodeSystem/v2-0203",
          "code" : "SP",
          "display" : "Study Permit"
        },
        {
          "system" : "http://terminology.hl7.org/CodeSystem/v2-0203",
          "code" : "SR",
          "display" : "State registry ID"
        },
        {
          "system" : "http://terminology.hl7.org/CodeSystem/v2-0203",
          "code" : "SRX",
          "display" : "SRA Accession number"
        },
        {
          "system" : "http://terminology.hl7.org/CodeSystem/v2-0203",
          "code" : "SS",
          "display" : "Social Security number"
        },
        {
          "system" : "http://terminology.hl7.org/CodeSystem/v2-0203",
          "code" : "STN",
          "display" : "Shipment Tracking Number"
        },
        {
          "system" : "http://terminology.hl7.org/CodeSystem/v2-0203",
          "code" : "TAX",
          "display" : "Tax ID number"
        },
        {
          "system" : "http://terminology.hl7.org/CodeSystem/v2-0203",
          "code" : "TN",
          "display" : "Treaty Number/ (Canada)"
        },
        {
          "system" : "http://terminology.hl7.org/CodeSystem/v2-0203",
          "code" : "TPR",
          "display" : "Temporary Permanent Resident (Canada)"
        },
        {
          "system" : "http://terminology.hl7.org/CodeSystem/v2-0203",
          "code" : "TRL",
          "display" : "Training License Number"
        },
        {
          "system" : "http://terminology.hl7.org/CodeSystem/v2-0203",
          "code" : "U",
          "display" : "Unspecified identifier"
        },
        {
          "system" : "http://terminology.hl7.org/CodeSystem/v2-0203",
          "code" : "UDI",
          "display" : "Universal Device Identifier"
        },
        {
          "system" : "http://terminology.hl7.org/CodeSystem/v2-0203",
          "code" : "UPIN",
          "display" : "Medicare/CMS (formerly HCFA)'s Universal Physician Identification numbers"
        },
        {
          "system" : "http://terminology.hl7.org/CodeSystem/v2-0203",
          "code" : "USID",
          "display" : "Unique Specimen ID"
        },
        {
          "system" : "http://terminology.hl7.org/CodeSystem/v2-0203",
          "code" : "VN",
          "display" : "Visit number"
        },
        {
          "system" : "http://terminology.hl7.org/CodeSystem/v2-0203",
          "code" : "VP",
          "display" : "Visitor Permit"
        },
        {
          "system" : "http://terminology.hl7.org/CodeSystem/v2-0203",
          "code" : "VS",
          "display" : "VISA"
        },
        {
          "system" : "http://terminology.hl7.org/CodeSystem/v2-0203",
          "code" : "WC",
          "display" : "WIC identifier"
        },
        {
          "system" : "http://terminology.hl7.org/CodeSystem/v2-0203",
          "code" : "WCN",
          "display" : "Workers' Comp Number"
        },
        {
          "system" : "http://terminology.hl7.org/CodeSystem/v2-0203",
          "code" : "WP",
          "display" : "Work Permit"
        },
        {
          "system" : "http://terminology.hl7.org/CodeSystem/v2-0203",
          "code" : "XV",
          "display" : "Health Plan Identifier"
        },
        {
          "system" : "http://terminology.hl7.org/CodeSystem/v2-0203",
          "code" : "XX",
          "display" : "Organization identifier"
        },
        {
          "system" : "https://sm-ig.gihub.io/CodeSystem/v2-0203",
          "code" : "GOI",
          "display" : "Government Organization Identifier"
        },
        {
          "system" : "https://sm-ig.gihub.io/CodeSystem/v2-0203",
          "code" : "UBN",
          "display" : "Unified Business number"
        }]
      }
    }
  }]
}