<?xml version="1.0" encoding="UTF-8"?><ValueSet xmlns="http://hl7.org/fhir"><id value="condition-code-sct"/><text><status value="generated"/><div xmlns="http://www.w3.org/1999/xhtml"><p class="res-header-id"><b>Generated Narrative: ValueSet condition-code-sct</b></p><a name="condition-code-sct"> </a><a name="hccondition-code-sct"> </a><a name="condition-code-sct-en-US"> </a><p>This value set includes codes based on the following rules:</p><ul><li>Include codes from<a href="http://www.snomed.org/"><code>http://snomed.info/sct</code></a> where concept  is-a 404684003 (Clinical finding (finding))</li><li>Include codes from<a href="http://www.snomed.org/"><code>http://snomed.info/sct</code></a> where concept  is-a 243796009 (Context-dependent categories)</li><li>Include codes from<a href="http://www.snomed.org/"><code>http://snomed.info/sct</code></a> where concept  is-a 272379006 (Events)</li><li>Include these codes as defined in <a href="http://www.snomed.org/"><code>http://snomed.info/sct</code></a><table class="none"><tr><td style="white-space:nowrap"><b>Code</b></td><td><b>Display</b></td></tr><tr><td><a href="http://snomed.info/id/160245001">160245001</a></td><td style="color: #cccccc">No current problems or disability</td></tr></table></li></ul></div></text><url value="https://whcater.github.io/serious-med-ig/ValueSet/condition-code-sct"/><version value="1.0.0"/><name value="ConditionCodeSCT"/><title value="ValueSet-SNOMED CT诊断代码值集"/><status value="active"/><date value="2024-11-11T09:31:51+00:00"/><publisher value="whcater"/><contact><name value="whcater"/><telecom><system value="url"/><value value="https://whcater.github.io/serious-med-ig/"/></telecom></contact><description value="SNOMED CT诊断代码值集。"/><compose><include><system value="http://snomed.info/sct"/><filter><property value="concept"/><op value="is-a"/><value value="404684003"/></filter></include><include><system value="http://snomed.info/sct"/><filter><property value="concept"/><op value="is-a"/><value value="243796009"/></filter></include><include><system value="http://snomed.info/sct"/><filter><property value="concept"/><op value="is-a"/><value value="272379006"/></filter></include><include><system value="http://snomed.info/sct"/><concept><code value="160245001"/></concept></include></compose></ValueSet>