[
  {
    "id" : "v2-0203",
    "type" : "CodeSystem",
    "url" : "https://whcater.github.io/serious-med-ig/CodeSystem/v2-0203",
    "version" : "1.0.0",
    "name" : "IdentifierType_V20203"
  },
  {
    "id" : "hl7.fhir.serious.med.core",
    "type" : "ImplementationGuide",
    "url" : "https://whcater.github.io/serious-med-ig/ImplementationGuide/hl7.fhir.serious.med.core",
    "version" : "1.0.0",
    "name" : "hl7fhirseriousmedcoreimplementationguide"
  },
  {
    "id" : "ext-person-age",
    "type" : "StructureDefinition",
    "url" : "https://whcater.github.io/serious-med-ig/StructureDefinition/ext-person-age",
    "version" : "1.0.0",
    "name" : "ExtPersonAge"
  },
  {
    "id" : "sm-address",
    "type" : "StructureDefinition",
    "url" : "https://whcater.github.io/serious-med-ig/StructureDefinition/sm-address",
    "version" : "1.0.0",
    "name" : "SmAddress"
  },
  {
    "id" : "sm-location",
    "type" : "StructureDefinition",
    "url" : "https://whcater.github.io/serious-med-ig/StructureDefinition/sm-location",
    "version" : "1.0.0",
    "name" : "SmLocation"
  },
  {
    "id" : "sm-organization",
    "type" : "StructureDefinition",
    "url" : "https://whcater.github.io/serious-med-ig/StructureDefinition/sm-organization",
    "version" : "1.0.0",
    "name" : "SmOrganization"
  },
  {
    "id" : "sm-patient",
    "type" : "StructureDefinition",
    "url" : "https://whcater.github.io/serious-med-ig/StructureDefinition/sm-patient",
    "version" : "1.0.0",
    "name" : "SmPatient"
  },
  {
    "id" : "sm-practitioner",
    "type" : "StructureDefinition",
    "url" : "https://whcater.github.io/serious-med-ig/StructureDefinition/sm-practitioner",
    "version" : "1.0.0",
    "name" : "SmPractitioner"
  },
  {
    "id" : "identifier-type",
    "type" : "ValueSet",
    "url" : "https://whcater.github.io/serious-med-ig/ValueSet/identifier-type",
    "version" : "1.0.0",
    "name" : "IdentifierType"
  }
]
