{
  "package": "hl7.fhir.serious.med.core",
  "version": "1.0.0",
  "fhirVersion": "4.0.1",
  "extensions": [
    {
      "url": "https://whcater.github.io/serious-med-ig/StructureDefinition/ext-person-age",
      "title": "ExtPersonAge",
      "types": [
        "Age"
      ]
    }
  ],
  "profiles": {
    "Condition": [
      {
        "url": "https://whcater.github.io/serious-med-ig/StructureDefinition/sm-condition",
        "title": "SmCondition"
      }
    ],
    "Location": [
      {
        "url": "https://whcater.github.io/serious-med-ig/StructureDefinition/sm-location",
        "title": "SmLocation"
      }
    ],
    "Organization": [
      {
        "url": "https://whcater.github.io/serious-med-ig/StructureDefinition/sm-organization",
        "title": "SmOrganization"
      }
    ],
    "Patient": [
      {
        "url": "https://whcater.github.io/serious-med-ig/StructureDefinition/sm-patient",
        "title": "SmPatient"
      }
    ],
    "Practitioner": [
      {
        "url": "https://whcater.github.io/serious-med-ig/StructureDefinition/sm-practitioner",
        "title": "SmPractitioner"
      }
    ],
    "PractitionerRole": [
      {
        "url": "https://whcater.github.io/serious-med-ig/StructureDefinition/sm-practitioner-role",
        "title": "SmPractitionerRole"
      }
    ]
  },
  "usage": {
    "http://hl7.org/fhir/StructureDefinition/elementdefinition-bestpractice": [
      "StructureDefinition.snapshot.element.constraint"
    ],
    "http://hl7.org/fhir/StructureDefinition/elementdefinition-bestpractice-explanation": [
      "StructureDefinition.snapshot.element.constraint"
    ],
    "http://hl7.org/fhir/StructureDefinition/elementdefinition-bindingName": [
      "StructureDefinition.differential.element.binding",
      "StructureDefinition.snapshot.element.binding"
    ],
    "http://hl7.org/fhir/StructureDefinition/elementdefinition-isCommonBinding": [
      "StructureDefinition.differential.element.binding",
      "StructureDefinition.snapshot.element.binding"
    ],
    "http://hl7.org/fhir/StructureDefinition/elementdefinition-maxValueSet": [
      "StructureDefinition.differential.element.binding",
      "StructureDefinition.snapshot.element.binding"
    ],
    "http://hl7.org/fhir/StructureDefinition/elementdefinition-translatable": [
      "StructureDefinition.snapshot.element"
    ],
    "http://hl7.org/fhir/StructureDefinition/patient-nationality": [
      "Patient"
    ],
    "http://hl7.org/fhir/StructureDefinition/regex": [
      "StructureDefinition.snapshot.element.type"
    ],
    "http://hl7.org/fhir/StructureDefinition/structuredefinition-fhir-type": [
      "StructureDefinition.snapshot.element.type"
    ],
    "http://hl7.org/fhir/StructureDefinition/structuredefinition-hierarchy": [
      "StructureDefinition.differential.element.type",
      "StructureDefinition.snapshot.element.type"
    ],
    "http://hl7.org/fhir/tools/StructureDefinition/ig-internal-dependency": [
      "ImplementationGuide.definition"
    ],
    "http://hl7.org/fhir/tools/StructureDefinition/ig-page-name": [
      "ImplementationGuide.definition.page",
      "ImplementationGuide.definition.page.page"
    ],
    "http://hl7.org/fhir/tools/StructureDefinition/ig-parameter": [
      "ImplementationGuide.definition"
    ],
    "http://hl7.org/fhir/tools/StructureDefinition/implementationguide-dependency-comment": [
      "ImplementationGuide.dependsOn"
    ],
    "http://hl7.org/fhir/tools/StructureDefinition/resource-information": [
      "ImplementationGuide.definition.resource"
    ],
    "https://whcater.github.io/serious-med-ig/StructureDefinition/ext-person-age": [
      "Patient"
    ]
  }
}