{
  "codeSystems" : [
    {
      "url" : "https://whcater.github.io/serious-med-ig/ValueSet/condition-code-sct",
      "version" : "1.0.0",
      "status" : "active",
      "name" : "ConditionCodeSCT",
      "title" : "ValueSet-SNOMED CT诊断代码值集",
      "description" : "SNOMED CT诊断代码值集。",
      "systems" : ["http://snomed.info/sct"]
    },
    {
      "url" : "https://whcater.github.io/serious-med-ig/ValueSet/identifier-type",
      "version" : "1.0.0",
      "status" : "active",
      "name" : "IdentifierType",
      "title" : "ValueSet-IdentifierType",
      "description" : "识别码类型值集",
      "systems" : [
        "https://whcater.github.io/serious-med-ig/CodeSystem/v2-0203",
        "http://terminology.hl7.org/CodeSystem/v2-0203"
      ]
    }
  ]
}
