{"resourceType":"ValueSet","id":"condition-code-sct","text":{"status":"generated","div":"<div xmlns=\"http://www.w3.org/1999/xhtml\"><p class=\"res-header-id\"><b>Generated Narrative: ValueSet condition-code-sct</b></p><a name=\"condition-code-sct\"> </a><a name=\"hccondition-code-sct\"> </a><a name=\"condition-code-sct-en-US\"> </a><p>This value set includes codes based on the following rules:</p><ul><li>Include codes from<a href=\"http://www.snomed.org/\"><code>http://snomed.info/sct</code></a> where concept  is-a 404684003 (Clinical finding (finding))</li><li>Include codes from<a href=\"http://www.snomed.org/\"><code>http://snomed.info/sct</code></a> where concept  is-a 243796009 (Context-dependent categories)</li><li>Include codes from<a href=\"http://www.snomed.org/\"><code>http://snomed.info/sct</code></a> where concept  is-a 272379006 (Events)</li><li>Include these codes as defined in <a href=\"http://www.snomed.org/\"><code>http://snomed.info/sct</code></a><table class=\"none\"><tr><td style=\"white-space:nowrap\"><b>Code</b></td><td><b>Display</b></td></tr><tr><td><a href=\"http://snomed.info/id/160245001\">160245001</a></td><td style=\"color: #cccccc\">No current problems or disability</td></tr></table></li></ul></div>"},"url":"https://whcater.github.io/serious-med-ig/ValueSet/condition-code-sct","version":"1.0.0","name":"ConditionCodeSCT","title":"ValueSet-SNOMED CT诊断代码值集","status":"active","date":"2024-11-11T09:31:51+00:00","publisher":"whcater","contact":[{"name":"whcater","telecom":[{"system":"url","value":"https://whcater.github.io/serious-med-ig/"}]}],"description":"SNOMED CT诊断代码值集。","compose":{"include":[{"system":"http://snomed.info/sct","filter":[{"property":"concept","op":"is-a","value":"404684003"}]},{"system":"http://snomed.info/sct","filter":[{"property":"concept","op":"is-a","value":"243796009"}]},{"system":"http://snomed.info/sct","filter":[{"property":"concept","op":"is-a","value":"272379006"}]},{"system":"http://snomed.info/sct","concept":[{"code":"160245001"}]}]}}